Ма́ленькая	ADJ	Ма́ленькая	ADJ
де́вочка	NOUN	де́вочка	NOUN
со	ADP	со	ADP
спи́чками	PROPN	спи́чками	PROPN
в	ADP	в	ADP
бе́лой	PROPN	бе́лой	PROPN
шу́бке	PROPN	шу́бке	PROPN
,	PUNCT	,	PUNCT
бе́лых	ADJ	белы́х	NOUN
сапо́жках	PROPN	сапо́жках	PROPN
и	CCONJ	и	CCONJ
голубо́й	PROPN	голубо́й	PROPN
ша́почке	NOUN	ша́почке	NOUN
стоя́ла	PROPN	стоя́ла	PROPN
на	ADP	на	ADP
перекрёстке	NOUN	перекрёстке	NOUN
двух	NUM	двух	NUM
центра́льных	ADJ	центра́льных	ADJ
у́лиц	NOUN	у́лиц	NOUN
и	CCONJ	и	CCONJ
предлага́ла	NOUN	предлага́ла	NOUN
всем	DET	всем	DET
прикури́ть	DET	прикури́ть	DET
.	PUNCT	.	PUNCT
"
"	SPACE	"
"	SPACE
Э́то	NOUN	Э́то	NOUN
происходи́ло	VERB	происходи́ло	VERB
в	ADP	в	ADP
кру́пном	ADJ	кру́пном	ADJ
го́роде	NOUN	го́роде	NOUN
.	PUNCT	.	PUNCT
Мо́жет	ADV	Мо́жет	ADV
,	PUNCT	,	PUNCT
э́то	NOUN	э́то	NOUN
бы́ло	NOUN	бы́ло	NOUN
в	ADP	в	ADP
столи́це	VERB	столи́це	VERB
.	PUNCT	.	PUNCT
А	CCONJ	А	CCONJ
мо́жет	PROPN	мо́жет	PROPN
,	PUNCT	,	PUNCT
в	ADP	в	ADP
том	DET	том	DET
го́роде	NOUN	го́роде	NOUN
,	PUNCT	,	PUNCT
в	ADP	в	ADP
како́м	NOUN	како́м	NOUN
живёте	VERB	живёте	VERB
вы	PRON	вы	PRON
,	PUNCT	,	PUNCT
ми́лый	ADJ	ми́лый	ADJ
чита́тель	PROPN	чита́тель	PROPN
.	PUNCT	.	PUNCT
Я	PRON	Я	PRON
не	PART	не	PART
ста́ну	PART	ста́ну	PART
расска́зывать	VERB	расска́зывать	VERB
вам	PRON	вам	PRON
ужа́сные	VERB	ужа́сные	VERB
исто́рии	SPACE	исто́рии	SPACE
,	PUNCT	,	PUNCT
кото́рые	NUM	кото́рые	NUM
о́чень	SPACE	о́чень	SPACE
люби́л	PROPN	люби́л	PROPN
А́ндерсен	PROPN	А́ндерсен	PROPN
.	PUNCT	.	PUNCT
Ма́ленькие	ADJ	Ма́ленькие	ADJ
геро́и	NOUN	геро́и	NOUN
э́того	ADJ	э́того	ADJ
а́втора	NOUN	а́втора	NOUN
всегда́	PROPN	всегда́	PROPN
стра́шно	ADV	стра́шно	ADV
страда́ли	NOUN	страда́ли	NOUN
.	PUNCT	.	PUNCT
У	ADP	У	ADP
на́шей	PROPN	на́шей	PROPN
де́вочки	NOUN	де́вочки	NOUN
не	PART	не́	PROPN
было	AUX	было	AUX
ста́рой	NOUN	ста́рой	NOUN
о́буви	NOUN	о́буви	NOUN
на	ADP	на	ADP
кра́сных	PROPN	кра́сных	PROPN
от	ADP	от	ADP
хо́лода	PROPN	хо́лода	PROPN
но́жках	NOUN	но́жках	NOUN
,	PUNCT	,	PUNCT
не	PART	не́	PROPN
было	VERB	было	AUX
ста́рых	DET	ста́рых	DET
перча́ток	SPACE	перча́ток	SPACE
на	ADP	на	ADP
си́них	PROPN	си́них	PROPN
от	ADP	от	ADP
хо́лода	PROPN	хо́лода	PROPN
ру́чках	NOUN	ру́чках	NOUN
,	PUNCT	,	PUNCT
и	CCONJ	и	CCONJ
она́	VERB	она́	VERB
ничего́	PROPN	ничего́	PROPN
ни	CCONJ	ни	CCONJ
у	ADP	у	ADP
кого́	PROPN	кого́	PROPN
не	PART	не	PART
проси́ла	VERB	проси́ла	VERB
бе́лыми	ADJ	бе́лыми	ADJ
от	ADP	от	ADP
хо́лода	NOUN	хо́лода	PROPN
губа́ми	NOUN	гу́бами	NOUN
.	PUNCT	.	PUNCT
Она́	VERB	Она́	VERB
не	PART	не	PART
собира́ла	X	собира́ла	X
де́нег	PROPN	де́нег	PROPN
для	ADP	для	ADP
больно́й	NOUN	больно́й	NOUN
ма́мы	NOUN	ма́мы	NOUN
и	CCONJ	и	CCONJ
не	PART	не	PART
проси́ла	NOUN	проси́ла	NOUN
де́нег	PROPN	де́нег	PROPN
на	ADP	на	ADP
еду́	NOUN	еду́	NOUN
для	ADP	для	ADP
ма́ленького	ADJ	ма́ленького	ADJ
бра́та	NOUN	бра́та	NOUN
.	PUNCT	.	PUNCT
Она́	VERB	Она́	VERB
стоя́ла	X	стоя́ла	X
и	CCONJ	и	CCONJ
про́сто	ADV	про́сто	ADV
смотре́ла	NOUN	смотре́ла	NOUN
на	ADP	на	ADP
люде́й	NOUN	люде́й	NOUN
с	ADP	с	ADP
чу́вством	NOUN	чу́вством	NOUN
глубо́кого	ADJ	глубо́кого	ADJ
сожале́ния	NOUN	сожале́ния	NOUN
и	CCONJ	и	CCONJ
понима́ния	NOUN	понима́ния	NOUN
,	PUNCT	,	PUNCT
как	SCONJ	как	SCONJ
бу́дто	PROPN	бу́дто	PROPN
не	PART	не	PART
ей	PRON	ей	PRON
,	PUNCT	,	PUNCT
а	CCONJ	а	CCONJ
им	PRON	им	PRON
тре́бовалась	NOUN	тре́бовалась	NOUN
до́брая	ADJ	до́брая	ADJ
по́мощь	NOUN	по́мощь	NOUN
.	PUNCT	.	PUNCT
"
"	SPACE	"
"	SPACE
На́до	NOUN	На́до	NOUN
сказа́ть	VERB	сказа́ть	VERB
,	PUNCT	,	PUNCT
что	PRON	что	PRON
в	ADP	в	ADP
Рождество́	PROPN	Рождество́	PROPN
,	PUNCT	,	PUNCT
и́ли	NUM	и́ли	NUM
пе́ред	PROPN	пе́ред	PROPN
э́тим	NOUN	э́тим	NOUN
пра́здником	SPACE	пра́здником	SPACE
,	PUNCT	,	PUNCT
на	ADP	на	ADP
у́лицах	NOUN	у́лицах	NOUN
любо́го	ADJ	любо́го	ADJ
го́рода	NOUN	го́рода	NOUN
мо́жно	PROPN	мо́жно	PROPN
иногда́	PROPN	иногда́	PROPN
встре́тить	VERB	встре́тить	VERB
де́вочку	NOUN	де́вочку	NOUN
со	ADP	со	ADP
спи́чками	PROPN	спи́чками	PROPN
.	PUNCT	.	PUNCT
Но	CCONJ	Но	CCONJ
для	ADP	для	ADP
э́того	ADJ	э́того	ADJ
на́до	NOUN	на́до	NOUN
,	PUNCT	,	PUNCT
что́бы	PROPN	что́бы	PROPN
у	ADP	у	ADP
вас	PRON	вас	PRON
,	PUNCT	,	PUNCT
во	ADV	во	ADV
-	ADV	-	ADV
пе́рвых	ADV	пе́рвых	ADV
,	PUNCT	,	PUNCT
была́	PROPN	была́	PROPN
серьёзная	ADJ	серьёзная	ADJ
пробле́ма	NOUN	пробле́ма	NOUN
и	CCONJ	и	CCONJ
,	PUNCT	,	PUNCT
во	ADV	во	ADV
-	ADV	-	ADV
вторы́х	NOUN	вторы́х	NOUN
,	PUNCT	,	PUNCT
что́бы	NUM	что́бы	NUM
вы	PRON	вы	PRON
иногда́	PROPN	иногда́	PROPN
смотре́ли	NOUN	смотре́ли	NOUN
по	ADP	по	ADP
сторона́м	NOUN	сторона́м	NOUN
и	CCONJ	и	CCONJ
замеча́ли	NOUN	замеча́ли	NOUN
ма́леньких	ADJ	ма́леньких	ADJ
де́вочек	NOUN	де́вочек	NOUN
с	ADP	с	ADP
золоты́ми	NOUN	золоты́ми	NOUN
волоса́ми	NOUN	волоса́ми	NOUN
и	CCONJ	и	CCONJ
голубы́ми	NOUN	голубы́ми	NOUN
серьёзными	ADJ	серьёзными	ADJ
глаза́ми	NOUN	глаза́ми	NOUN
.	PUNCT	.	PUNCT
Ита́к	PROPN	Ита́к	PROPN
,	PUNCT	,	PUNCT
в	ADP	в	ADP
э́то	NOUN	э́то	NOUN
вре́мя	NOUN	вре́мя	NOUN
по	ADP	по	ADP
центра́льным	ADJ	центра́льным	ADJ
у́лицам	PROPN	у́лицам	PROPN
хо́дит	PROPN	хо́дит	PROPN
мно́го	PROPN	мно́го	PROPN
наро́ду	VERB	наро́ду	VERB
с	ADP	с	ADP
серьёзными	ADJ	серьёзными	ADJ
пробле́мами	PROPN	пробле́мами	PROPN
.	PUNCT	.	PUNCT
Де́вочки	NOUN	Де́вочки	NOUN
со	ADP	со	ADP
спи́чками	PROPN	спи́чками	PROPN
зна́ют	PROPN	зна́ют	PROPN
,	PUNCT	,	PUNCT
где	ADV	где	ADV
стоя́ть	VERB	стоя́ть	VERB
.	PUNCT	.	PUNCT
"

"	SPACE	"

"	SPACE
В	ADP	В	ADP
да́льнем	ADJ	да́льнем	ADJ
конце́	PROPN	конце́	PROPN
у́лицы	NOUN	у́лицы	NOUN
появи́лся	NUM	появи́лся	NUM
бле́дный	PROPN	бле́дный	PROPN
молодо́й	VERB	молодо́й	VERB
челове́к	NOUN	челове́к	NOUN
с	ADP	с	ADP
гру́стными	VERB	гру́стными	VERB
уста́вшими	ADJ	уста́вшими	ADJ
глаза́ми	NOUN	глаза́ми	NOUN
.	PUNCT	.	PUNCT
Он	PRON	Он	PRON
тре́тью	NOUN	тре́тью	NOUN
неде́лю	NOUN	неде́лю	NOUN
без	ADP	без	ADP
осо́бых	ADJ	осо́бых	ADJ
причи́н	NOUN	причи́н	NOUN
серьёзно	ADV	серьёзно	ADV
сомнева́лся	VERB	сомнева́лся	VERB
в	ADP	в	ADP
любви́	PROPN	любви́	PROPN
и	CCONJ	и	CCONJ
в	ADP	в	ADP
ве́рности	NOUN	ве́рности	NOUN
свое́й	NOUN	свое́й	NOUN
подру́ги	NOUN	подру́ги	NOUN
.	PUNCT	.	PUNCT
А	CCONJ	А	CCONJ
после́дние	PROPN	после́дние	PROPN
не́сколько	ADJ	не́сколько	ADJ
дней	NOUN	дней	NOUN
то́лько	NOUN	то́лько	NOUN
и	CCONJ	и	CCONJ
ду́мал	PROPN	ду́мал	PROPN
:	PUNCT	:	PUNCT
«	PUNCT	«	PUNCT
На́до	NOUN	На́до	NOUN
позвони́ть	ADV	позвони́ть	ADV
ей	PRON	ей	PRON
и́ли	NOUN	и́ли	NOUN
нет	VERB	нет	VERB
?	PUNCT	?	PUNCT
»	PUNCT	»	PUNCT
Де́ло	NOUN	Де́ло	NOUN
в	ADP	в	ADP
том	PRON	том	PRON
,	PUNCT	,	PUNCT
что	SCONJ	что	SCONJ
подру́га	NOUN	подру́га	NOUN
оби́делась	SPACE	оби́делась	SPACE
на	ADP	на	ADP
него́	PROPN	него́	PROPN
,	PUNCT	,	PUNCT
когда́	PROPN	когда́	PROPN
он	PRON	он	PRON
ей	PRON	ей	PRON
сказа́л	NOUN	сказа́л	NOUN
о	ADP	о	ADP
свои́х	ADJ	свои́х	ADJ
мы́слях	NOUN	мы́слях	NOUN
.	PUNCT	.	PUNCT
Она́	VERB	Она́	VERB
так	ADV	так	ADV
оби́делась	SPACE	оби́делась	SPACE
,	PUNCT	,	PUNCT
что	SCONJ	что	SCONJ
да́же	DET	да́же	DET
не	PART	не	PART
ста́ла	PART	ста́ла	PART
говори́ть	PROPN	говори́ть	PROPN
и	CCONJ	и	CCONJ
убежда́ть	ADV	убежда́ть	ADV
его́	NOUN	его́	NOUN
в	ADP	в	ADP
том	PRON	том	PRON
,	PUNCT	,	PUNCT
что	SCONJ	что	SCONJ
нет	VERB	нет	VERB
никаки́х	ADJ	никаки́х	ADJ
причи́н	NOUN	причи́н	NOUN
,	PUNCT	,	PUNCT
что́бы	NUM	что́бы	NUM
сомнева́ться	VERB	сомнева́ться	VERB
в	ADP	в	ADP
её	DET	её	DET
любви́	PROPN	любви́	PROPN
и	CCONJ	и	CCONJ
ве́рности	NOUN	ве́рности	NOUN
к	ADP	к	ADP
нему́	PROPN	нему́	PROPN
.	PUNCT	.	PUNCT
Наоборо́т	NOUN	Наоборо́т	NOUN
,	PUNCT	,	PUNCT
она́	VERB	она́	VERB
сказа́ла	NOUN	сказа́ла	NOUN
на́шему	ADJ	на́шему	ADJ
студе́нту	SPACE	студе́нту	SPACE
,	PUNCT	,	PUNCT
что	SCONJ	что	SCONJ
от	ADP	от	ADP
тако́го	NOUN	тако́го	NOUN
дурака́	PROPN	дурака́	PROPN
,	PUNCT	,	PUNCT
как	SCONJ	как	SCONJ
он	PRON	он	PRON
,	PUNCT	,	PUNCT
ей	PRON	ей	PRON
давно́	PROPN	давно́	PROPN
на́до	X	на́до	X
бы́ло	NOUN	бы́ло	NOUN
уйти́	PROPN	уйти́	PROPN
к	ADP	к	ADP
кому́	PROPN	кому́	PROPN
-	PROPN	-	PROPN
нибудь	PRON	нибу́дь	NOUN
друго́му	NOUN	друго́му	NOUN
.	PUNCT	.	PUNCT
А	CCONJ	А	CCONJ
ещё	ADV	ещё	ADV
она́	VERB	она́	VERB
доба́вила	PROPN	доба́вила	PROPN
,	PUNCT	,	PUNCT
что	SCONJ	что	SCONJ
,	PUNCT	,	PUNCT
е́сли	PROPN	е́сли	PROPN
она́	VERB	она́	VERB
не	PART	не	PART
ушла́	PROPN	ушла́	PROPN
к	ADP	к	ADP
друго́му	NOUN	друго́му	NOUN
,	PUNCT	,	PUNCT
то	SCONJ	то	SCONJ
то́лько	ADV	то́лько	ADV
потому́	VERB	потому́	VERB
,	PUNCT	,	PUNCT
что	SCONJ	что	SCONJ
ей	PRON	ей	PRON
его́	NOUN	его́	NOUN
о́чень	NOUN	о́чень	NOUN
жа́лко	PROPN	жа́лко	PROPN
.	PUNCT	.	PUNCT
В	ADP	В	ADP
отве́т	NOUN	отве́т	NOUN
студе́нт	NOUN	студе́нт	NOUN
сказа́л	NOUN	сказа́л	NOUN
подру́ге	NOUN	подру́ге	NOUN
о́чень	PROPN	о́чень	PROPN
гру́бые	PROPN	гру́бые	PROPN
и	CCONJ	и	CCONJ
нехоро́шие	DET	нехоро́шие	DET
слова́	PROPN	слова́	PROPN
и	CCONJ	и	CCONJ
ушёл	NOUN	ушёл	NOUN
.	PUNCT	.	PUNCT
Тепе́рь	PROPN	Тепе́рь	PROPN
же	PART	же	PART
он	PRON	он	PRON
ужа́сно	ADV	ужа́сно	ADV
страда́л	PROPN	страда́л	PROPN
.	PUNCT	.	PUNCT
А	CCONJ	А	CCONJ
ещё	ADV	ещё	ADV
он	PRON	он	PRON
о́чень	SPACE	о́чень	SPACE
хоте́л	PROPN	хоте́л	PROPN
кури́ть	NOUN	кури́ть	NOUN
,	PUNCT	,	PUNCT
но	CCONJ	но	CCONJ
спи́чек	NOUN	спи́чек	NOUN
не	PART	не́	PROPN
было	VERB	было	AUX
.	PUNCT	.	PUNCT
Он	PRON	Он	PRON
забы́л	ADJ	забы́л	ADJ
их	DET	их	DET
вчера́	PROPN	вчера́	PROPN
в	ADP	в	ADP
гостя́х	PROPN	гостя́х	PROPN
,	PUNCT	,	PUNCT
потому́	PROPN	потому́	PROPN
что	SCONJ	что	SCONJ
мно́го	PROPN	мно́го	PROPN
пил	VERB	пил	VERB
там	ADV	там	ADV
,	PUNCT	,	PUNCT
что́бы	NUM	что́бы	NUM
не	PART	не	PART
ду́мать	VERB	ду́мать	VERB
о	ADP	о	ADP
подру́ге	NOUN	подру́ге	NOUN
.	PUNCT	.	PUNCT
Кио́ска	PUNCT	Кио́ска	PUNCT
,	PUNCT	,	PUNCT
где	ADV	где	ADV
мо́жно	PROPN	мо́жно	PROPN
купи́ть	VERB	купи́ть	VERB
зажига́лку	NOUN	зажига́лку	NOUN
,	PUNCT	,	PUNCT
нигде́	PROPN	нигде́	PROPN
не	PART	не́	PROPN
было	VERB	было	AUX
.	PUNCT	.	PUNCT
"
"	SPACE	"
"	SPACE
–	PUNCT	–	PUNCT
Молодо́й	NUM	Молодо́й	NUM
челове́к	NOUN	челове́к	NOUN
,	PUNCT	,	PUNCT
–	PUNCT	–	PUNCT
ти́хо	NOUN	ти́хо	NOUN
и	CCONJ	и	CCONJ
серьёзно	ADV	серьёзно	ADV
обрати́лась	VERB	обрати́лась	VERB
к	ADP	к	ADP
нему́	PROPN	нему́	PROPN
де́вочка	NOUN	де́вочка	NOUN
со	ADP	со	ADP
спи́чками	PROPN	спи́чками	PROPN
.	PUNCT	.	PUNCT
–	PUNCT	–	PUNCT
Вам	PRON	Вам	PRON
прикури́ть	ADV	прикури́ть	ADV
не	PART	не	PART
на́до	VERB	на́до	VERB
?	PUNCT	?	PUNCT
"
"	SPACE	"
"	SPACE
Студе́нт	NOUN	Студе́нт	NOUN
останови́лся	VERB	останови́лся	VERB
.	PUNCT	.	PUNCT
Снача́ла	AUX	Снача́ла	AUX
он	PRON	он	PRON
не	PART	не	PART
пове́рил	VERB	пове́рил	VERB
себе́	PROPN	себе́	PROPN
,	PUNCT	,	PUNCT
что	PRON	что	PRON
услы́шал	VERB	услы́шал	VERB
от	ADP	от	ADP
де́вочки	NOUN	де́вочки	NOUN
э́тот	PROPN	э́тот	PROPN
вопро́с	NOUN	вопро́с	NOUN
,	PUNCT	,	PUNCT
потому́	PROPN	потому́	PROPN
что	SCONJ	что	SCONJ
ма́ленькие	ADJ	ма́ленькие	ADJ
де́вочки	NOUN	де́вочки	NOUN
обы́чно	ADV	обы́чно	ADV
не	PART	не	PART
задаю́т	NOUN	задаю́т	NOUN
таки́е	NOUN	таки́е	NOUN
вопро́сы	PART	вопро́сы	PART
.	PUNCT	.	PUNCT
"
"	SPACE	"
"	SPACE
–	PUNCT	–	PUNCT
О́чень	PROPN	О́чень	PROPN
на́до	NOUN	на́до	NOUN
.	PUNCT	.	PUNCT
"
"	SPACE	"
"	SPACE
–	PUNCT	–	PUNCT
Вы́берите	VERB	Вы́берите	VERB
спи́чку	NOUN	спи́чку	NOUN
,	PUNCT	,	PUNCT
пожа́луйста	PROPN	пожа́луйста	PROPN
,	PUNCT	,	PUNCT
–	PUNCT	–	PUNCT
предложи́ла	NOUN	предложи́ла	NOUN
де́вочка	NOUN	де́вочка	NOUN
и	CCONJ	и	CCONJ
откры́ла	NOUN	откры́ла	NOUN
перед	ADP	пе́ред	PROPN
ним	PRON	ним	PRON
коро́бку	NOUN	коро́бку	NOUN
,	PUNCT	,	PUNCT
в	ADP	в	ADP
кото́рой	NOUN	кото́рой	NOUN
находи́лись	VERB	находи́лись	VERB
спи́чки	NOUN	спи́чки	NOUN
ра́зных	ADJ	ра́зных	ADJ
цвето́в	NOUN	цвето́в	NOUN
.	PUNCT	.	PUNCT
Тут	ADV	Тут	ADV
бы́ли	VERB	бы́ли	VERB
и	CCONJ	и	CCONJ
си́ние	PROPN	си́ние	PROPN
,	PUNCT	,	PUNCT
и	CCONJ	и	CCONJ
зелёные	ADJ	зелёные	ADJ
,	PUNCT	,	PUNCT
и	CCONJ	и	CCONJ
бе́лые	ADJ	бе́лые	ADJ
,	PUNCT	,	PUNCT
и	CCONJ	и	CCONJ
кра́сные	SPACE	кра́сные	SPACE
,	PUNCT	,	PUNCT
и	CCONJ	и	CCONJ
да́же	NUM	да́же	NUM
золоты́е	NOUN	золоты́е	NOUN
спи́чки	NOUN	спи́чки	NOUN
.	PUNCT	.	PUNCT
Чёрная	ADJ	Чёрная	ADJ
спи́чка	NOUN	спи́чка	NOUN
была́	PROPN	была́	PROPN
то́лько	ADV	то́лько	ADV
одна́	PROPN	одна́	PROPN
,	PUNCT	,	PUNCT
она́	VERB	она́	VERB
лежа́ла	PART	лежа́ла	PART
в	ADP	в	ADP
да́льнем	ADJ	да́льнем	ADJ
углу́	PROPN	углу́	PROPN
коро́бки	NOUN	коро́бки	NOUN
.	PUNCT	.	PUNCT
Студе́нт	PROPN	Студе́нт	PROPN
взял	VERB	взял	VERB
её	PRON	её	PRON
,	PUNCT	,	PUNCT
потому́	PROPN	потому́	PROPN
что	SCONJ	что	SCONJ
она́	VERB	она́	VERB
была́	PROPN	была́	PROPN
похо́жа	ADP	похо́жа	ADP
на	ADP	на	ADP
его́	NOUN	его́	NOUN
настрое́ние	NOUN	настрое́ние	NOUN
.	PUNCT	.	PUNCT
"
"	SPACE	"
"	SPACE
–	PUNCT	–	PUNCT
Нет	PART	Нет	PART
,	PUNCT	,	PUNCT
э́ту	NOUN	э́ту	NOUN
пока́	PROPN	пока́	PROPN
не	PART	не	PART
на́до	ADV	на́до	ADV
брать	VERB	брать	VERB
,	PUNCT	,	PUNCT
–	PUNCT	–	PUNCT
всё	PART	всё	PART
так	ADV	так	ADV
же	PART	же	PART
серьёзно	ADV	серьёзно	ADV
сказа́ла	X	сказа́ла	X
де́вочка	NOUN	де́вочка	NOUN
.	PUNCT	.	PUNCT
Студе́нт	PROPN	Студе́нт	PROPN
поду́мал	VERB	поду́мал	VERB
,	PUNCT	,	PUNCT
что	SCONJ	что	SCONJ
она́	VERB	она́	VERB
о́чень	SPACE	о́чень	SPACE
взро́слая	ADJ	взро́слая	ADJ
де́вочка	NOUN	де́вочка	NOUN
для	ADP	для	ADP
свои́х	ADJ	свои́х	ADJ
10–12	NUM	10–12	NUM
лет	NOUN	лет	NOUN
.	PUNCT	.	PUNCT
Кака́я	NOUN	Кака́я	NOUN
-	NOUN	-	NOUN
то	PRON	то	PRON
о́чень	SPACE	о́чень	SPACE
у́мная	ADJ	у́мная	ADJ
,	PUNCT	,	PUNCT
каки́ми	NOUN	каки́ми	NOUN
не	PART	не	PART
быва́ют	VERB	быва́ют	VERB
да́же	X	да́же	X
де́вочки	NOUN	де́вочки	NOUN
,	PUNCT	,	PUNCT
кото́рые	ADJ	кото́рые	ADJ
у́чатся	VERB	у́чатся	VERB
то́лько	ADV	то́лько	ADV
на	ADP	на	ADP
«	PUNCT	«	PUNCT
отли́чно	ADV	отли́чно	ADV
»	PUNCT	»	PUNCT
.	PUNCT	.	PUNCT
–	PUNCT	–	PUNCT
Вам	PRON	Вам	PRON
вот	PART	вот	PART
э́ту	NOUN	э́ту	NOUN
,	PUNCT	,	PUNCT
–	PUNCT	–	PUNCT
и	CCONJ	и	CCONJ
она́	VERB	она́	VERB
чи́ркнула	NOUN	чи́ркнула	NOUN
по	ADP	по	ADP
коро́бке	NOUN	коро́бке	NOUN
ро́зовой	ADJ	ро́зовой	ADJ
спи́чкой	PROPN	спи́чкой	PROPN
.	PUNCT	.	PUNCT
"
"	SPACE	"
"	SPACE
Студе́нт	NOUN	Студе́нт	NOUN
прикури́л	NOUN	прикури́л	NOUN
от	ADP	от	ADP
огня́	PROPN	огня́	PROPN
ро́зовой	ADJ	ро́зовой	ADJ
спи́чки	NOUN	спи́чки	NOUN
,	PUNCT	,	PUNCT
и	CCONJ	и	CCONJ
мир	NOUN	мир	NOUN
на́чал	PROPN	на́чал	PROPN
ме́дленно	ADV	ме́дленно	ADV
плыть	VERB	плыть	VERB
перед	ADP	пе́ред	ADJ
глаза́ми	NOUN	глаза́ми	X
.	PUNCT	.	PUNCT
Он	PRON	Он	PRON
нашёл	VERB	нашёл	VERB
глаза́ми	NOUN	глаза́ми	NOUN
де́вочку	PUNCT	де́вочку	PUNCT
.	PUNCT	.	PUNCT
Де́вочка	NOUN	Де́вочка	NOUN
смотре́ла	PROPN	смотре́ла	PROPN
на	ADP	на	ADP
него́	PROPN	него́	PROPN
так	ADV	так	ADV
,	PUNCT	,	PUNCT
как	SCONJ	как	SCONJ
смотре́ла	NOUN	смотре́ла	NOUN
на	ADP	на	ADP
него́	PROPN	него́	PROPN
его́	NOUN	его́	NOUN
люби́мая	NOUN	люби́мая	NOUN
по́сле	PROPN	по́сле	PROPN
пе́рвого	ADJ	пе́рвого	ADJ
свида́ния	NOUN	свида́ния	NOUN
.	PUNCT	.	PUNCT
Тогда́	PROPN	Тогда́	PROPN
он	PRON	он	PRON
сказа́л	VERB	сказа́л	VERB
ей	PRON	ей	PRON
,	PUNCT	,	PUNCT
что	SCONJ	что	SCONJ
она́	VERB	она́	VERB
ему́	NOUN	ему́	NOUN
понра́вилась	VERB	понра́вилась	VERB
ещё	ADV	ещё	ADV
на	ADP	на	ADP
пе́рвом	ADJ	пе́рвом	ADJ
ку́рсе	PROPN	ку́рсе	PROPN
университе́та	NOUN	университе́та	NOUN
.	PUNCT	.	PUNCT
В	ADP	В	ADP
сле́дующую	NOUN	сле́дующую	NOUN
секу́нду	NOUN	секу́нду	NOUN
студе́нт	PROPN	студе́нт	PUNCT
услы́шал	VERB	услы́шал	VERB
звоно́к	PROPN	зво́нок	NOUN
телефо́на	PROPN	телефо́на	NOUN
и	CCONJ	и	CCONJ
сра́зу	NOUN	сра́зу	NOUN
посмотре́л	ADV	посмотре́л	ADV
на	ADP	на	ADP
но́мер	PROPN	но́мер	PROPN
.	PUNCT	.	PUNCT
Лицо́	PART	Лицо́	PART
его́	NOUN	его́	NOUN
снача́ла	X	снача́ла	X
ста́ло	PROPN	ста́ло	PROPN
кра́сным	PROPN	кра́сным	PROPN
,	PUNCT	,	PUNCT
пото́м	VERB	пото́м	VERB
бе́лым	PROPN	бе́лым	PROPN
,	PUNCT	,	PUNCT
пото́м	VERB	пото́м	VERB
мо́крым	ADJ	мо́крым	ADJ
,	PUNCT	,	PUNCT
и	CCONJ	и	CCONJ
он	PRON	он	PRON
споко́йным	ADJ	споко́йным	ADJ
го́лосом	NOUN	го́лосом	NOUN
сказа́л	PROPN	сказа́л	PROPN
:	PUNCT	:	PUNCT
«	PUNCT	«	PUNCT
Да	PART	Да	PART
»	PUNCT	»	PUNCT
.	PUNCT	.	PUNCT
"

"	SPACE	"

"	SPACE
Де́вушка	NOUN	Де́вушка	NOUN
в	ADP	в	ADP
телефо́не	NOUN	телефо́не	NOUN
пла́кала	SPACE	пла́кала	SPACE
,	PUNCT	,	PUNCT
крича́ла	NOUN	крича́ла	NOUN
,	PUNCT	,	PUNCT
а	CCONJ	а	CCONJ
пото́м	VERB	пото́м	VERB
что́	NUM	что́	NUM
-	PRON	-	PRON
то	PRON	то	PRON
говори́ла	PROPN	говори́ла	PROPN
ему́	PROPN	ему́	PROPN
то	SCONJ	то	SCONJ
бы́стро	NOUN	бы́стро	NOUN
,	PUNCT	,	PUNCT
то	SCONJ	то	SCONJ
не́жно	PROPN	не́жно	PROPN
.	PUNCT	.	PUNCT
Его́	PROPN	Его́	PROPN
но́ги	NOUN	но́ги	NOUN
снача́ла	X	снача́ла	X
ста́ли	PROPN	ста́ли	PROPN
тяжёлыми	ADJ	тяжёлыми	ADJ
,	PUNCT	,	PUNCT
а	CCONJ	а	CCONJ
пото́м	VERB	пото́м	VERB
о́чень	PROPN	о́чень	PROPN
лёгкими	ADJ	лёгкими	ADJ
–	PUNCT	–	PUNCT
и	CCONJ	и	CCONJ
студе́нт	NOUN	студе́нт	NOUN
побежа́л	PROPN	побежа́л	PROPN
к	ADP	к	ADP
люби́мой	NOUN	люби́мой	NOUN
.	PUNCT	.	PUNCT
Он	PRON	Он	PRON
да́же	NUM	да́же	NUM
не	PART	не	PART
сказа́л	VERB	сказа́л	VERB
де́вочке	NOUN	де́вочке	NOUN
«	PUNCT	«	PUNCT
спаси́бо	NOUN	спаси́бо	NOUN
»	PUNCT	»	PUNCT
.	PUNCT	.	PUNCT
Де́вочка	NOUN	Де́вочка	NOUN
посмотре́ла	NOUN	посмотре́ла	NOUN
на	ADP	на	ADP
убега́ющего	VERB	убега́ющего	VERB
студе́нта	NOUN	студе́нта	NOUN
и	CCONJ	и	CCONJ
убрала́	PROPN	убрала́	PROPN
коро́бку	NOUN	коро́бку	NOUN
со	ADP	со	ADP
спичка́ми	NOUN	спи́чками	PROPN
.	PUNCT	.	PUNCT
"

"	SPACE	"

"	SPACE
Ско́ро	NOUN	Ско́ро	NOUN
,	PUNCT	,	PUNCT
пра́вда	PROPN	пра́вда	PROPN
,	PUNCT	,	PUNCT
коро́бка	NOUN	коро́бка	NOUN
со	ADP	со	ADP
спичка́ми	NOUN	спи́чками	PROPN
сно́ва	NUM	сно́ва	X
появила́сь	NOUN	появи́лась	PROPN
в	ADP	в	ADP
рука́х	PROPN	рука́х	NOUN
де́вочки	NOUN	де́вочки	NOUN
.	PUNCT	.	PUNCT
Де́ло	NOUN	Де́ло	NOUN
в	ADP	в	ADP
том	PRON	том	PRON
,	PUNCT	,	PUNCT
что	SCONJ	что	SCONJ
по	ADP	по	ADP
у́лице	NOUN	у́лице	NOUN
шёл	NOUN	шёл	NOUN
ещё	ADV	ещё	ADV
бо́лее	VERB	бо́лее	VERB
тяжёлый	ADJ	тяжёлый	ADJ
слу́чай	NOUN	слу́чай	NOUN
,	PUNCT	,	PUNCT
кото́рому	ADJ	кото́рому	ADJ
была́	PROPN	была́	PROPN
необходи́ма	ADV	необходи́ма	ADV
её	DET	её	DET
по́мощь	NOUN	по́мощь	NOUN
.	PUNCT	.	PUNCT
Мужчи́не	NOUN	Мужчи́не	NOUN
бы́ло	NOUN	бы́ло	NOUN
со́рок	PROPN	со́рок	PROPN
лет	NOUN	лет	NOUN
,	PUNCT	,	PUNCT
но	CCONJ	но	CCONJ
у	ADP	у	ADP
него́	PRON	него́	PROPN
не	PART	не́	PROPN
было	AUX	было	AUX
рабо́ты	NOUN	рабо́ты	ADJ
.	PUNCT	.	PUNCT
Он	PRON	Он	PRON
поменя́л	VERB	поменя́л	VERB
мно́го	NOUN	мно́го	NOUN
профе́ссий	PROPN	профе́ссий	PROPN
.	PUNCT	.	PUNCT
Он	PRON	Он	PRON
уме́л	ADJ	уме́л	ADJ
води́ть	ADV	води́ть	ADV
любы́е	NOUN	любы́е	NOUN
автомоби́ли	NOUN	автомоби́ли	NOUN
и	CCONJ	и	CCONJ
маши́ны	PROPN	маши́ны	PROPN
,	PUNCT	,	PUNCT
кото́рые	ADJ	кото́рые	ADJ
испо́льзовались	VERB	испо́льзовались	VERB
в	ADP	в	ADP
се́льском	ADJ	се́льском	ADJ
хозя́йстве	PROPN	хозя́йстве	PROPN
.	PUNCT	.	PUNCT
Он	PRON	Он	PRON
мог	VERB	мог	VERB
рабо́тать	VERB	рабо́тать	VERB
на	ADP	на	ADP
земле́	PROPN	земле́	PROPN
и	CCONJ	и	CCONJ
исправля́ть	ADV	исправля́ть	ADV
несло́жную	ADJ	несло́жную	ADJ
электро́нику	PROPN	электро́нику	PROPN
,	PUNCT	,	PUNCT
кото́рая	PUNCT	кото́рая	PUNCT
была́	PROPN	была́	PROPN
сло́мана	PUNCT	сло́мана	PUNCT
и	CCONJ	и	CCONJ
не	PART	не	PART
рабо́тала	PROPN	рабо́тала	PROPN
.	PUNCT	.	PUNCT
Для	ADP	Для	ADP
него́	PRON	него́	PRON
не	PART	не́	PROPN
было	AUX	было	AUX
пробле́мой	SPACE	пробле́мой	SPACE
вести́	PROPN	ве́сти	PROPN
ло́дку	PROPN	ло́дку	PROPN
при	ADP	при	ADP
си́льном	ADJ	си́льном	ADJ
ве́тре	PROPN	ве́тре	PROPN
и	CCONJ	и	CCONJ
о́чень	PROPN	о́чень	PROPN
плохо́й	VERB	плохо́й	VERB
пого́де	NOUN	пого́де	NOUN
.	PUNCT	.	PUNCT
Он	PRON	Он	PRON
мог	VERB	мог	VERB
и	PART	и	PART
уме́л	NOUN	уме́л	NOUN
мно́гое	PROPN	мно́гое	PROPN
.	PUNCT	.	PUNCT
Лю́ди	NOUN	Лю́ди	NOUN
всегда́	PROPN	всегда́	PROPN
говоря́т	NOUN	говоря́т	NOUN
,	PUNCT	,	PUNCT
что	PRON	что	PRON
на	ADP	на	ADP
таки́х	NOUN	таки́х	NOUN
,	PUNCT	,	PUNCT
как	SCONJ	как	SCONJ
он	PRON	он	PRON
,	PUNCT	,	PUNCT
де́ржится	VERB	де́ржится	VERB
о́бщество	NOUN	о́бщество	NOUN
.	PUNCT	.	PUNCT
"
"	SPACE	"
"	SPACE
Челове́к	NUM	Челове́к	NUM
шёл	NOUN	шёл	NOUN
по	ADP	по	ADP
сне́гу	NOUN	сне́гу	NOUN
и	CCONJ	и	CCONJ
ду́мал	PROPN	ду́мал	PROPN
,	PUNCT	,	PUNCT
что	SCONJ	что	SCONJ
в	ADP	в	ADP
э́той	ADJ	э́той	ADJ
жи́зни	PROPN	жи́зни	PROPN
он	PRON	он	PRON
никому́	PROPN	никому́	PROPN
не	PART	не	PART
ну́жен	PROPN	ну́жен	PROPN
.	PUNCT	.	PUNCT
У	ADP	У	ADP
него́	PRON	него́	PRON
была́	PROPN	была́	PROPN
больша́я	NOUN	бо́льшая	ADJ
семья́	PROPN	семья́	PROPN
.	PUNCT	.	PUNCT
То́лько	PART	То́лько	PART
что	PRON	что	PRON
закры́лся	VERB	закры́лся	VERB
филиа́л	ADJ	филиа́л	ADJ
кру́пной	PROPN	кру́пной	PROPN
моско́вской	ADJ	моско́вской	ADJ
фи́рмы	PROPN	фи́рмы	PROPN
,	PUNCT	,	PUNCT
потому́	PROPN	потому́	PROPN
что	SCONJ	что	SCONJ
населе́ние	NOUN	населе́ние	NOUN
не	PART	не	PART
могло́	NOUN	могло́	NOUN
и́ли	NOUN	и́ли	NOUN
не	PART	не	PART
хоте́ло	NOUN	хоте́ло	NOUN
рабо́тать	PROPN	рабо́тать	PROPN
по	ADV	по	ADV
-	ADV	-	ADV
совреме́нному	ADV	совреме́нному	ADV
.	PUNCT	.	PUNCT
На́шего	VERB	На́шего	VERB
геро́я	PROPN	геро́я	PROPN
гру́бо	PROPN	гру́бо	PROPN
и	CCONJ	и	CCONJ
про́сто	PROPN	про́сто	PROPN
оста́вили	PROPN	оста́вили	PROPN
без	ADP	без	ADP
рабо́ты	NOUN	рабо́ты	NOUN
.	PUNCT	.	PUNCT
Он	PRON	Он	PRON
оказа́лся	VERB	оказа́лся	VERB
на	ADP	на	ADP
у́лице	NOUN	у́лице	NOUN
без	ADP	без	ADP
рабо́ты	NOUN	рабо́ты	NOUN
и	CCONJ	и	CCONJ
без	ADP	без	ADP
де́нег	PROPN	де́нег	PROPN
,	PUNCT	,	PUNCT
и	CCONJ	и	CCONJ
никто́	PROPN	никто́	PROPN
из	ADP	из	ADP
руководи́телей	PROPN	руководи́телей	PROPN
перед	ADP	пе́ред	PROPN
ним	PRON	ним	PRON
не	PART	не	PART
извини́лся	VERB	извини́лся	VERB
.	PUNCT	.	PUNCT
Так	ADV	Так	ADV
быва́ет	VERB	быва́ет	VERB
всегда́	PROPN	всегда́	PROPN
,	PUNCT	,	PUNCT
хотя́	PROPN	хотя́	PROPN
по	ADP	по	ADP
телеви́зору	PROPN	телеви́зору	PROPN
и	CCONJ	и	CCONJ
в	ADP	в	ADP
газе́тах	NOUN	газе́тах	NOUN
говоря́т	PROPN	говоря́т	PROPN
,	PUNCT	,	PUNCT
что	SCONJ	что	SCONJ
би́знес	NOUN	би́знес	NOUN
в	ADP	в	ADP
стране́	PROPN	стране́	PROPN
стано́вится	PROPN	стано́вится	PROPN
ча́стью	NOUN	ча́стью	NOUN
совреме́нной	PROPN	совреме́нной	PROPN
мирово́й	ADJ	мирово́й	ADJ
культу́ры	NOUN	культу́ры	NOUN
.	PUNCT	.	PUNCT
Когда́	NOUN	Когда́	NOUN
-	PRON	-	PRON
то	PRON	то	PRON
его́	NUM	его́	NUM
шеф	NOUN	шеф	NOUN
потре́бовал	PROPN	потре́бовал	PROPN
,	PUNCT	,	PUNCT
что́бы	NUM	что́бы	NUM
он	PRON	он	PRON
–	PUNCT	–	PUNCT
его́	NUM	его́	NUM
води́тель	PROPN	води́тель	PROPN
–	PUNCT	–	PUNCT
бро́сил	PROPN	бро́сил	PROPN
кури́ть	NOUN	кури́ть	NOUN
.	PUNCT	.	PUNCT
Ше́фа	PROPN	Ше́фа	PROPN
тепе́рь	PROPN	тепе́рь	X
не	PART	не́	PROPN
было	VERB	было	VERB
,	PUNCT	,	PUNCT
и	CCONJ	и	CCONJ
води́телю	PROPN	води́телю	PROPN
сно́ва	NUM	сно́ва	NUM
о́чень	PART	о́чень	PART
хоте́лось	PROPN	хоте́лось	PROPN
кури́ть	NOUN	кури́ть	NOUN
.	PUNCT	.	PUNCT
"
"	SPACE	"
"	SPACE
–	PUNCT	–	PUNCT
Дя́дя	NOUN	Дя́дя	NOUN
,	PUNCT	,	PUNCT
–	PUNCT	–	PUNCT
сказа́ла	X	сказа́ла	X
де́вочка	NOUN	де́вочка	NOUN
.	PUNCT	.	PUNCT
–	PUNCT	–	PUNCT
Прикури́ть	PROPN	Прикури́ть	PROPN
не	PART	не	PART
жела́ете	SPACE	жела́ете	SPACE
?	PUNCT	?	PUNCT
"
"	SPACE	"
"	SPACE
–	PUNCT	–	PUNCT
Ра́но	NOUN	Ра́но	NOUN
тебе́	PROPN	тебе́	PROPN
кури́ть	NOUN	кури́ть	NOUN
,	PUNCT	,	PUNCT
–	PUNCT	–	PUNCT
стро́го	NOUN	стро́го	NOUN
сказа́л	NOUN	сказа́л	NOUN
челове́к	NOUN	челове́к	NOUN
без	ADP	без	ADP
рабо́ты	NOUN	рабо́ты	NOUN
.	PUNCT	.	PUNCT
У	ADP	У	ADP
него́	PRON	него́	PRON
у	ADP	у	ADP
самого́	PROPN	са́мого	ADJ
бы́ло	NOUN	бы́ло	NOUN
дво́е	NUM	дво́е	NOUN
дете́й	PROPN	дете́й	PROPN
,	PUNCT	,	PUNCT
и	CCONJ	и	CCONJ
он	PRON	он	PRON
не	PART	не	PART
хоте́л	ADJ	хоте́л	ADJ
бы	AUX	бы	AUX
,	PUNCT	,	PUNCT
что́бы	NUM	что́бы	NUM
они́	NOUN	они́	NOUN
кури́ли	NOUN	кури́ли	NOUN
.	PUNCT	.	PUNCT
"
"	SPACE	"
"	SPACE
–	PUNCT	–	PUNCT
Я	PRON	Я	PRON
не	PART	не	PART
курю́	VERB	курю́	VERB
,	PUNCT	,	PUNCT
я	PRON	я	PRON
даю́	ADV	даю́	ADV
прику́ривать	PROPN	прику́ривать	PROPN
,	PUNCT	,	PUNCT
–	PUNCT	–	PUNCT
сказа́ла	NOUN	сказа́ла	NOUN
де́вочка	PROPN	де́вочка	PROPN
.	PUNCT	.	PUNCT
"
"	SPACE	"
"	SPACE
–	PUNCT	–	PUNCT
Я	PRON	Я	PRON
давно́	PROPN	давно́	PROPN
бро́сил	VERB	бро́сил	VERB
кури́ть	NOUN	кури́ть	NOUN
.	PUNCT	.	PUNCT
У	ADP	У	ADP
меня́	PROPN	меня́	PROPN
нет	VERB	нет	VERB
сигаре́т	PROPN	сигаре́т	PROPN
.	PUNCT	.	PUNCT
"
"	SPACE	"
"	SPACE
–	PUNCT	–	PUNCT
У	ADP	У	ADP
вас	PRON	вас	PRON
в	ADP	в	ADP
ле́вом	ADJ	ле́вом	ADJ
карма́не	NOUN	карма́не	NOUN
пальто́	PROPN	пальто́	PROPN
есть	AUX	есть	AUX
сигаре́та	NOUN	сигаре́та	NOUN
,	PUNCT	,	PUNCT
я	PRON	я	PRON
то́чно	ADV	то́чно	ADV
зна́ю	ADJ	зна́ю	ADJ
.	PUNCT	.	PUNCT
"
"	SPACE	"
"	SPACE
Дя́дя	PROPN	Дя́дя	PROPN
в	ADP	в	ADP
карма́не	NOUN	карма́не	NOUN
нашёл	NOUN	нашёл	NOUN
сигаре́ту	ADJ	сигаре́ту	ADJ
и	CCONJ	и	CCONJ
с	ADP	с	ADP
у́жасом	NOUN	у́жасом	NOUN
по́нял	VERB	по́нял	VERB
,	PUNCT	,	PUNCT
что	SCONJ	что	SCONJ
ребёнок	NOUN	ребёнок	NOUN
прав	NOUN	прав	NOUN
.	PUNCT	.	PUNCT
"
"	SPACE	"
"	SPACE
–	PUNCT	–	PUNCT
Ты	PRON	Ты	PRON
–	PUNCT	–	PUNCT
яснови́дящая	PROPN	яснови́дящая	PROPN
,	PUNCT	,	PUNCT
да	PART	да	PART
?	PUNCT	?	PUNCT
–	PUNCT	–	PUNCT
спроси́л	NOUN	спроси́л	NOUN
он	PRON	он	PRON
с	ADP	с	ADP
чу́вством	NOUN	чу́вством	NOUN
стра́нного	ADJ	стра́нного	ADJ
удивле́ния	NOUN	удивле́ния	NOUN
.	PUNCT	.	PUNCT
Ему́	PROPN	Ему́	PROPN
тепе́рь	PROPN	тепе́рь	PROPN
каза́лось	VERB	каза́лось	VERB
,	PUNCT	,	PUNCT
что	SCONJ	что	SCONJ
все	DET	все	DET
его́	NUM	его́	NUM
хотя́т	NOUN	хотя́т	NOUN
развести́	PROPN	развести́	PROPN
.	PUNCT	.	PUNCT
"
"	SPACE	"
"	SPACE
–	PUNCT	–	PUNCT
Ты	PRON	Ты	PRON
,	PUNCT	,	PUNCT
дя́дя	ADJ	дя́дя	ADJ
,	PUNCT	,	PUNCT
мно́го	PROPN	мно́го	PROPN
не	PART	не	PART
спра́шивай	PROPN	спра́шивай	PROPN
,	PUNCT	,	PUNCT
–	PUNCT	–	PUNCT
улыбну́лась	VERB	улыбну́лась	VERB
де́вочка	NOUN	де́вочка	NOUN
.	PUNCT	.	PUNCT
По	ADP	По	ADP
э́той	ADJ	э́той	ADJ
улы́бке	PROPN	улы́бке	PROPN
он	PRON	он	PRON
по́нял	VERB	по́нял	VERB
,	PUNCT	,	PUNCT
что	SCONJ	что	SCONJ
вопро́сы	VERB	вопро́сы	VERB
действи́тельно	ADV	действи́тельно	ADV
задава́ть	VERB	задава́ть	VERB
не	PART	не	PART
ну́жно	PROPN	ну́жно	PROPN
.	PUNCT	.	PUNCT
–	PUNCT	–	PUNCT
Ты	PRON	Ты	PRON
спи́чку	VERB	спи́чку	NOUN
бери́	PROPN	бе́ри	NOUN
.	PUNCT	.	PUNCT
"
"	SPACE	закры́л	NOUN
Дя́дя	ADJ	глаза́	PROPN
закры́л	NOUN	и	CCONJ
глаза́	PROPN	взял	VERB
и	CCONJ	чёрную	ADJ
взял	VERB	спи́чку	NOUN
чёрную	ADJ	.	PUNCT
спи́чку	NOUN	"
"	SPACE
.	PUNCT	–	PUNCT
"
"	SPACE	И	CCONJ
–	PUNCT	э́тот	ADJ
И	CCONJ	чёрную	ADJ
э́тот	ADJ	...	PUNCT
чёрную	ADJ	–	PUNCT
…	PUNCT	сказа́ла	NOUN
–	PUNCT	де́вочка	NOUN
сказа́ла	NOUN	,	PUNCT
де́вочка	NOUN	отняла́	VERB
,	PUNCT	чёрную	ADJ
отняла́	VERB	спи́чку	PROPN
чёрную	ADJ	и	CCONJ
спи́чку	PROPN	взяла́	PROPN
и	CCONJ	зелёную	ADJ
взяла́	PROPN	.	PUNCT
зелёную	ADJ	"
"	SPACE
.	PUNCT	Она́	VERB
"
"	SPACE	чи́ркнула	NOUN
Она́	VERB	по	ADP
чи́ркнула	NOUN	коро́бке	NOUN
по	ADP	зелёной	ADJ
коро́бке	NOUN	спи́чкой	PROPN
зелёной	ADJ	.	PUNCT
спи́чкой	PROPN	Дя́дя	PROPN
.	PUNCT	прибли́зился	VERB
Дя́дя	PROPN	к	ADP
прибли́зился	VERB	зелёному	ADJ
к	ADP	огню́	PROPN
зелёному	ADJ	,	PUNCT
огню́	PROPN	сла́дко	ADV
,	PUNCT	закури́л	ADV
сла́дко	ADV	и	CCONJ
закури́л	ADV	почу́вствовал	VERB
и	CCONJ	удиви́тельную	PROPN
почу́вствовал	VERB	свобо́ду	X
удиви́тельную	PROPN	.	PUNCT
свобо́ду	X	Когда́	PROPN
.	PUNCT	мир	NOUN
Когда́	PROPN	на́чал	PROPN
мир	NOUN	ме́дленно	ADV
на́чал	PROPN	плыть	VERB
ме́дленно	ADV	пе́ред	ADJ
плыть	VERB	глаза́ми	NOUN
перед	ADP	,	PUNCT
глаза́ми	NOUN	он	PRON
,	PUNCT	реши́л	VERB
он	PRON	посмотре́ть	ADV
реши́л	VERB	на́верх	ADJ
посмотре́ть	ADV	,	PUNCT
наве́рх	ADV	что́бы	NUM
,	PUNCT	останови́ть	ADV
что́бы	NUM	его́	NUM
останови́ть	ADV	движе́ние	NOUN
его́	NUM	.	PUNCT
движе́ние	NOUN	Пря́мо	NOUN
.	PUNCT	над	ADP
Пря́мо	NOUN	голово́й	NOUN
над	ADP	де́вочки	NOUN
голово́й	NOUN	он	PRON
де́вочки	NOUN	уви́дел	PROPN
он	PRON	объявле́ние	NOUN
уви́дел	PROPN	:	PUNCT
объявле́ние	NOUN	«	PUNCT
:	PUNCT	Тре́буется	NOUN
«	PUNCT	о́пытный	ADJ
Тре́буется	NOUN	шофёр	NOUN
о́пытный	ADJ	на	ADP
шофёр	NOUN	о́чень	PROPN
на	ADP	хоро́шую	ADJ
о́чень	PROPN	зарпла́ту	NOUN
хоро́шую	ADJ	,	PUNCT
зарпла́ту	NOUN	кури́ть	ADV
,	PUNCT	мо́жно	PROPN
кури́ть	ADV	»	PUNCT
мо́жно	PROPN	.	PUNCT
»	PUNCT	Он	PRON
.	PUNCT	реши́л	VERB
Он	PRON	бы́стро	ADV
реши́л	VERB	взять	VERB
бы́стро	ADV	э́то	NOUN
взять	VERB	объявле́ние	NOUN
э́то	NOUN	,	PUNCT
объявле́ние	NOUN	что́бы	NUM
,	PUNCT	никто́	PROPN
что́бы	NUM	друго́й	ADJ
никто́	PROPN	не	PART
друго́й	ADJ	успе́л	VERB
не	PART	его́	ADJ
успе́л	VERB	прочита́ть	ADV
его́	ADJ	,	PUNCT
прочита́ть	ADV	но	CCONJ
,	PUNCT	вме́сто	ADV
но	CCONJ	объявле́ния	NOUN
вме́сто	ADV	в	ADP
объявле́ния	NOUN	руке́	PROPN
в	ADP	у	ADP
руке́	PROPN	него́	PROPN
у	ADP	вдруг	ADV
него́	PROPN	оказа́лась	VERB
вдруг	ADV	визи́тная	ADJ
оказа́лась	VERB	ка́рточка	NOUN
визи́тная	ADJ	с	ADP
ка́рточка	NOUN	двумя́	PROPN
с	ADP	телефо́нами	NOUN
двумя́	PROPN	бу́дущего	ADJ
телефо́нами	NOUN	ше́фа	NOUN
бу́дущего	ADJ	.	PUNCT
ше́фа	NOUN	Дя́дя	PROPN
.	PUNCT	побежа́л	PROPN
Дя́дя	PROPN	звони́ть	PROPN
побежа́л	PROPN	по	ADP
звони́ть	PROPN	телефо́ну	NOUN
по	ADP	,	PUNCT
телефо́ну	NOUN	что́бы	NUM
,	PUNCT	сказа́ть	NOUN
что́бы	NUM	,	PUNCT
сказа́ть	NOUN	что	SCONJ
,	PUNCT	он	PRON
что	SCONJ	согла́сен	SPACE
он	PRON	на	ADP
согла́сен	SPACE	э́ту	NOUN
на	ADP	рабо́ту	NOUN
э́ту	NOUN	.	PUNCT
рабо́ту	NOUN	"
"	SPACE
.	PUNCT	Де́вочка	NOUN
"
"	SPACE	с	ADP
Де́вочка	NOUN	улы́бкой	NOUN
с	ADP	посмотре́ла	NOUN
улы́бкой	NOUN	на	ADP
посмотре́ла	NOUN	него́	PROPN
на	ADP	,	PUNCT
него́	PROPN	как	ADV
,	PUNCT	смо́трят	ADV
как	ADV	у́мные	VERB
смо́трят	ADV	де́вочки	NOUN
у́мные	VERB	на	ADP
де́вочки	NOUN	глу́пых	PROPN
на	ADP	ма́льчиков	NOUN
глу́пых	PROPN	.	PUNCT
ма́льчиков	NOUN	Но	CCONJ
.	PUNCT	она́	VERB
Но	CCONJ	недо́лго	ADV
она́	VERB	улыба́лась	PROPN
недо́лго	ADV	,	PUNCT
улыба́лась	PROPN	потому́	PROPN
,	PUNCT	что	PRON
потому́	PROPN	уви́дела	SPACE
что	PRON	,	PUNCT
уви́дела	SPACE	как	SCONJ
,	PUNCT	к	ADP
как	SCONJ	ней	PRON
к	ADP	подъезжа́ет	ADV
ней	PRON	же́нщина	NOUN
подъезжа́ет	ADV	.	PUNCT
же́нщина	NOUN	"

"	SPACE
.	PUNCT	Же́нщина	NOUN
"

"	SPACE	лет	NOUN
Же́нщина	NOUN	тридцати́	PROPN
лет	NOUN	подъезжа́ла	NOUN
тридцати́	PROPN	к	ADP
подъезжа́ла	NOUN	ней	PRON
к	ADP	в	ADP
ней	PRON	некраси́вой	ADJ
в	ADP	,	PUNCT
некраси́вой	ADJ	неудо́бной	ADJ
,	PUNCT	и	CCONJ
неудо́бной	ADJ	гру́бой	PROPN
и	CCONJ	инвали́дной	PROPN
гру́бой	PROPN	коля́ске	SPACE
инвали́дной	PROPN	,	PUNCT
коля́ске	SPACE	сде́ланной	SPACE
,	PUNCT	в	ADP
сде́ланной	SPACE	како́м	NOUN
в	ADP	-	NOUN
како́м	NOUN	то	DET
-	NOUN	росси́йском	ADJ
то	DET	го́роде	NOUN
росси́йском	ADJ	.	PUNCT
го́роде	NOUN	Бы́ло	NOUN
.	PUNCT	поня́тно	ADJ
Бы́ло	NOUN	,	PUNCT
поня́тно	ADJ	что	SCONJ
,	PUNCT	же́нщина	NOUN
что	SCONJ	с	ADP
же́нщина	NOUN	де́тства	NOUN
с	ADP	была́	PROPN
де́тства	NOUN	инвали́дом	SPACE
была́	PROPN	и	CCONJ
инвали́дом	SPACE	не	PART
и	CCONJ	ходи́ла	NOUN
не	PART	.	PUNCT
ходи́ла	NOUN	В	ADP
.	PUNCT	после́днее	PROPN
В	ADP	вре́мя	NOUN
после́днее	PROPN	э́та	NOUN
вре́мя	NOUN	же́нщина	NOUN
э́та	NOUN	чу́вствовала	VERB
же́нщина	NOUN	себя́	PROPN
чу́вствовала	VERB	осо́бенно	SPACE
себя́	PROPN	несча́стной	PROPN
осо́бенно	SPACE	.	PUNCT
несча́стной	PROPN	Она́	VERB
.	PUNCT	была́	PROPN
Она́	VERB	гото́ва	PROPN
была́	PROPN	да́же	NUM
гото́ва	PROPN	нача́ть	ADV
да́же	NUM	пить	VERB
нача́ть	ADV	и́ли	NOUN
пить	VERB	кури́ть	NOUN
и́ли	NOUN	,	PUNCT
кури́ть	NOUN	потому́	PROPN
,	PUNCT	что	SCONJ
потому́	PROPN	она́	VERB
что	SCONJ	о́чень	SPACE
она́	VERB	хоте́ла	PROPN
о́чень	SPACE	забы́ть	ADV
хоте́ла	PROPN	о	ADP
забы́ть	ADV	свое́й	NOUN
о	ADP	боле́зни	NOUN
свое́й	NOUN	и	CCONJ
боле́зни	NOUN	о	ADP
и	CCONJ	том	PRON
о	ADP	,	PUNCT
том	PRON	что	SCONJ
,	PUNCT	никому́	PROPN
что	SCONJ	не	PART
никому́	PROPN	нужна́	ADJ
не	PART	.	PUNCT
нужна́	ADJ	Инвали́д	NUM
.	PUNCT	не	PART
Инвали́д	NUM	ну́жен	PROPN
не	PART	никому́	PROPN
ну́жен	PROPN	,	PUNCT
никому́	PROPN	кро́ме	PROPN
,	PUNCT	свое́й	PROPN
кро́ме	PROPN	семьи́	PROPN
свое́й	PROPN	.	PUNCT
семьи́	PROPN	Но	CCONJ
.	PUNCT	и	PART
Но	CCONJ	у	ADP
и	PART	семьи́	PROPN
у	ADP	си́лы	NOUN
семьи́	PROPN	когда́	PROPN
си́лы	NOUN	-	PROPN
когда́	PROPN	нибудь	PRON
-	PROPN	зака́нчиваются	VERB
нибудь	PRON	.	PUNCT
зака́нчиваются	VERB	"
"	SPACE
.	PUNCT	–	PUNCT
"
"	SPACE	Суда́рыня	NOUN
–	PUNCT	,	PUNCT
Суда́рыня	NOUN	–	PUNCT
,	PUNCT	сказа́ла	NOUN
–	PUNCT	де́вочка	NOUN
сказа́ла	NOUN	,	PUNCT
де́вочка	NOUN	хотя́	PROPN
,	PUNCT	в	ADP
хотя́	PROPN	э́том	ADJ
в	ADP	го́роде	NOUN
э́том	ADJ	обраща́лись	PROPN
го́роде	NOUN	к	ADP
обраща́лись	PROPN	же́нщине	NOUN
к	ADP	и́ли	NOUN
же́нщине	NOUN	«	PUNCT
и́ли	NOUN	же́нщина	NOUN
«	PUNCT	»	PUNCT
же́нщина	NOUN	,	PUNCT
»	PUNCT	и́ли	PROPN
,	PUNCT	«	PUNCT
и́ли	PROPN	ну	PART
«	PUNCT	ты	PRON
ну	PART	»	PUNCT
ты	PRON	.	PUNCT
»	PUNCT	–	PUNCT
.	PUNCT	Не	PART
–	PUNCT	жела́ете	VERB
Не	PART	ли	PART
жела́ете	VERB	прикури́ть	PUNCT
ли	PART	?	PUNCT
прикури́ть	PUNCT	"
"	SPACE
?	PUNCT	–	PUNCT
"
"	SPACE	Мне	PRON
–	PUNCT	нельзя́	PROPN
Мне	PRON	,	PUNCT
нельзя́	PROPN	–	PUNCT
,	PUNCT	сказа́ла	NOUN
–	PUNCT	инвали́д	NUM
сказа́ла	NOUN	.	PUNCT
инвали́д	NUM	–	PUNCT
.	PUNCT	Я	PRON
–	PUNCT	и	PART
Я	PRON	так	ADV
и	PART	ходи́ть	ADV
так	ADV	не	PART
ходи́ть	ADV	могу́	PROPN
не	PART	.	PUNCT
могу́	PROPN	"
"	SPACE
.	PUNCT	–	PUNCT
"
"	SPACE	Раз	SCONJ
–	PUNCT	в	ADP
Раз	SCONJ	год	NOUN
в	ADP	мо́жно	PROPN
год	NOUN	,	PUNCT
мо́жно	PROPN	–	PUNCT
,	PUNCT	серьёзно	ADV
–	PUNCT	сказа́ла	X
серьёзно	ADV	де́вочка	NOUN
сказа́ла	X	.	PUNCT
де́вочка	NOUN	В	ADP
.	PUNCT	её	DET
В	ADP	рука́х	PROPN
её	DET	появи́лись	VERB
рука́х	PROPN	то́нкие	ADJ
появи́лись	VERB	дли́нные	ADJ
то́нкие	ADJ	сигаре́ты	NOUN
дли́нные	ADJ	,	PUNCT
сигаре́ты	NOUN	кото́рые	NUM
,	PUNCT	обы́чно	ADV
кото́рые	NUM	ку́рят	VERB
обы́чно	ADV	же́нщины	NOUN
ку́рят	VERB	.	PUNCT
же́нщины	NOUN	–	PUNCT
.	PUNCT	Вы́берите	INTJ
–	PUNCT	,	PUNCT
Вы́берите	INTJ	пожа́луйста	PROPN
,	PUNCT	,	PUNCT
пожа́луйста	PROPN	спи́чку	PROPN
,	PUNCT	!	PUNCT
спи́чку	PROPN	"

"	SPACE
!	PUNCT	Коне́чно	VERB
"

"	SPACE	,	PUNCT
Коне́чно	VERB	инвали́ды	NOUN
,	PUNCT	в	ADP
инвали́ды	NOUN	таки́х	ADJ
в	ADP	слу́чаях	PROPN
таки́х	ADJ	почему́	PROPN
слу́чаях	PROPN	-	PROPN
почему́	PROPN	то	PRON
-	PROPN	всегда́	PROPN
то	PRON	выбира́ют	VERB
всегда́	PROPN	чёрную	ADJ
выбира́ют	VERB	спи́чку	NOUN
чёрную	ADJ	.	PUNCT
спи́чку	NOUN	Де́вочка	NOUN
.	PUNCT	стро́го	PROPN
Де́вочка	NOUN	посмотре́ла	NOUN
стро́го	PROPN	на	ADP
посмотре́ла	NOUN	же́нщину	NOUN
на	ADP	,	PUNCT
же́нщину	NOUN	взяла́	PRON
,	PUNCT	ора́нжевую	ADJ
взяла́	PRON	спи́чку	PROPN
ора́нжевую	ADJ	и	CCONJ
спи́чку	PROPN	чи́ркнула	ADJ
и	CCONJ	е́ю	NOUN
чи́ркнула	ADJ	...	PUNCT
е́ю	NOUN	Инвали́дной	ADJ
…	PUNCT	коля́ски	SPACE
Инвали́дной	ADJ	сра́зу	NUM
коля́ски	SPACE	не	PART
сра́зу	NUM	ста́ло	PROPN
не	PART	!	PUNCT
ста́ло	PROPN	..	PUNCT
!	PUNCT	А	CCONJ
..	PUNCT	вот	PART
А	CCONJ	несча́стная	ADJ
вот	PART	же́нщина	NOUN
несча́стная	ADJ	си́льно	ADV
же́нщина	NOUN	упа́ла	NUM
си́льно	ADV	на	ADP
упа́ла	NUM	доро́гу	NOUN
на	ADP	.	PUNCT
доро́гу	NOUN	"
"	SPACE
.	PUNCT	–	PUNCT
"
"	SPACE	Вот	PART
–	PUNCT	ви́дишь	VERB
Вот	PART	,	PUNCT
ви́дишь	VERB	–	PUNCT
,	PUNCT	сказа́ла	NOUN
–	PUNCT	она́	VERB
сказа́ла	NOUN	,	PUNCT
она́	VERB	–	PUNCT
,	PUNCT	мне	PRON
–	PUNCT	кури́ть	ADV
мне	PRON	вре́дно	ADV
кури́ть	ADV	,	PUNCT
вре́дно	ADV	я	PRON
,	PUNCT	уже́	VERB
я	PRON	па́даю	PROPN
уже́	VERB	.	PUNCT
па́даю	PROPN	"
"	SPACE
.	PUNCT	–	PUNCT
"
"	SPACE	Встава́й	NUM
–	PUNCT	и	CCONJ
Встава́й	NUM	иди́	NOUN
и	CCONJ	,	PUNCT
иди́	NOUN	–	PUNCT
,	PUNCT	немно́жко	SPACE
–	PUNCT	гру́бо	NUM
немно́жко	SPACE	сказа́ла	X
гру́бо	NUM	де́вочка	NOUN
сказа́ла	X	.	PUNCT
де́вочка	NOUN	–	PUNCT
.	PUNCT	Чего́	PART
–	PUNCT	лежи́шь	VERB
Чего́	PART	тут	ADV
лежи́шь	VERB	?	PUNCT
тут	ADV	"
"	SPACE
?	PUNCT	Несча́стная	ADJ
"
"	SPACE	снача́ла	NOUN
Несча́стная	ADJ	вста́ла	X
снача́ла	NOUN	на	ADP
вста́ла	X	ру́ки	NOUN
на	ADP	и	CCONJ
руки	NOUN	на	ADP
и	CCONJ	но́ги	NOUN
на	ADP	.	PUNCT
ноги	NOUN	Пото́м	PUNCT
.	PUNCT	,	PUNCT
Пото́м	PUNCT	держа́сь	NOUN
,	PUNCT	за	ADP
держа́сь	NOUN	де́вочку	NOUN
за	ADP	,	PUNCT
де́вочку	NOUN	подняла́сь	NOUN
,	PUNCT	на	ADP
подняла́сь	NOUN	но́ги	NOUN
на	ADP	.	PUNCT
ноги	NOUN	И	CCONJ
.	PUNCT	то́лько	PART
И	CCONJ	зате́м	ADJ
то́лько	PART	сде́лала	SPACE
зате́м	ADJ	пе́рвое	ADJ
сде́лала	SPACE	движе́ние	NOUN
пе́рвое	ADJ	ного́й	ADV
движе́ние	NOUN	вперёд	VERB
ного́й	ADV	.	PUNCT
вперёд	VERB	"
"	SPACE
.	PUNCT	–	PUNCT
"
"	SPACE	Что	PRON
–	PUNCT	со	ADP
Что	PRON	мной	PRON
со	ADP	?	PUNCT
мной	PRON	–	PUNCT
?	PUNCT	спроси́ла	NOUN
–	PUNCT	она́	VERB
спроси́ла	NOUN	чуть	ADV
она́	VERB	слы́шно	ADV
чуть	ADV	.	PUNCT
слы́шно	ADV	"
"	SPACE
.	PUNCT	–	PUNCT
"
"	SPACE	Иди́	NOUN
–	PUNCT	,	PUNCT
Иди́	NOUN	иди́	NOUN
,	PUNCT	,	PUNCT
иди́	NOUN	–	PUNCT
,	PUNCT	сказа́ла	VERB
–	PUNCT	ей	PRON
сказа́ла	VERB	де́вочка	NOUN
ей	PRON	.	PUNCT
де́вочка	NOUN	–	PUNCT
.	PUNCT	А	CCONJ
–	PUNCT	говори́ла	NOUN
А	CCONJ	,	PUNCT
говори́ла	NOUN	что	SCONJ
,	PUNCT	кури́ть	ADV
что	SCONJ	ей	PRON
кури́ть	ADV	вре́дно	ADV
ей	PRON	...	PUNCT
вре́дно	ADJ	Жить	VERB
…	PUNCT	то́же	NOUN
Жить	VERB	вре́дно	ADV
то́же	NOUN	.	PUNCT
вре́дно	ADV	"

"	SPACE
.	PUNCT	В	ADP
"

"	SPACE	сле́дующие	PUNCT
В	ADP	два	NUM
сле́дующие	PUNCT	часа́	PROPN
два	NUM	де́вочка	NOUN
часа́	PROPN	со	ADP
де́вочка	NOUN	спи́чками	NOUN
со	ADP	дала́	PROPN
спи́чками	NOUN	прикури́ть	PROPN
дала́	PROPN	гру́стной	PROPN
прикури́ть	PROPN	ма́ме	PROPN
гру́стной	PROPN	,	PUNCT
ма́ме	PROPN	кото́рая	PART
,	PUNCT	мечта́ла	PROPN
кото́рая	PART	,	PUNCT
мечта́ла	PROPN	что́бы	PROPN
,	PUNCT	её	DET
что́бы	PROPN	ребёнок	NOUN
её	DET	ходи́л	NOUN
ребёнок	NOUN	в	ADP
ходи́л	NOUN	де́тский	ADJ
в	ADP	сад	NOUN
де́тский	ADJ	.	PUNCT
сад	NOUN	Пото́м	PUNCT
.	PUNCT	дала́	NOUN
Пото́м	PUNCT	прикури́ть	DET
дала́	NOUN	двум	NUM
прикури́ть	DET	гастарба́йтерам	NOUN
двум	NUM	,	PUNCT
гастарба́йтерам	NOUN	кото́рым	SPACE
,	PUNCT	не	PART
кото́рым	SPACE	дава́ли	ADJ
не	PART	споко́йно	ADV
дава́ли	ADJ	жить	VERB
споко́йно	ADV	скинхе́ды	NOUN
жить	VERB	.	PUNCT
скинхе́ды	NOUN	Зате́м	NOUN
.	PUNCT	одному́	PROPN
Зате́м	NOUN	скинхе́ду	NOUN
одному́	PROPN	,	PUNCT
скинхе́ду	NOUN	кото́рому	PROPN
,	PUNCT	не	PART
кото́рому	PROPN	дава́л	VERB
не	PART	жить	VERB
дава́л	VERB	на́сморк	NOUN
жить	VERB	.	PUNCT
на́сморк	NOUN	"
"	SPACE
.	PUNCT	По́сле	NOUN
"
"	SPACE	э́того	ADJ
После	ADP	ми́мо	NOUN
э́того	ADJ	де́вочки	NOUN
ми́мо	NOUN	прошёл	VERB
де́вочки	NOUN	та́кже	PROPN
прошёл	VERB	учи́тель	SPACE
та́кже	PROPN	,	PUNCT
учи́тель	SPACE	кото́рый	SPACE
,	PUNCT	чуть	ADV
кото́рый	SPACE	не	PART
чуть	ADV	пла́кал	VERB
не	PART	оттого́	PROPN
пла́кал	VERB	,	PUNCT
оттого́	PROPN	что	SCONJ
,	PUNCT	у	ADP
что	SCONJ	него́	PRON
у	ADP	ничего́	PROPN
него́	PRON	нет	VERB
ничего́	PROPN	.	PUNCT
нет	VERB	Пото́м	PUNCT
.	PUNCT	прошёл	VERB
Пото́м	PUNCT	олига́рх	ADV
прошёл	VERB	,	PUNCT
олига́рх	ADV	кото́рый	SPACE
,	PUNCT	гро́мко	NOUN
кото́рый	SPACE	пла́кал	VERB
гро́мко	NOUN	оттого́	PROPN
пла́кал	VERB	,	PUNCT
оттого́	PROPN	что	SCONJ
,	PUNCT	у	ADP
что	SCONJ	него́	PROPN
у	ADP	всё	PRON
него́	PROPN	есть	VERB
всё	PRON	.	PUNCT
есть	VERB	Они́	NOUN
.	PUNCT	прикури́ли	VERB
Они́	NOUN	у	ADP
прикури́ли	VERB	де́вочки	NOUN
у	ADP	со	ADP
де́вочки	NOUN	спи́чками	PROPN
со	ADP	и	CCONJ
спи́чками	PROPN	,	PUNCT
и	CCONJ	к	ADP
,	PUNCT	удово́льствию	PROPN
к	ADP	для	ADP
удово́льствию	PROPN	ка́ждого	ADJ
для	ADP	,	PUNCT
ка́ждого	ADJ	поменя́лись	VERB
,	PUNCT	места́ми	NOUN
поменя́лись	VERB	.	PUNCT
места́ми	NOUN	В	ADP
.	PUNCT	результа́те	NOUN
В	ADP	учи́тель	SPACE
результа́те	NOUN	стал	VERB
учи́тель	SPACE	руководи́телем	PROPN
стал	VERB	райо́на	X
руководи́телем	PROPN	,	PUNCT
райо́на	X	кото́рый	SPACE
,	PUNCT	находи́лся	PUNCT
кото́рый	SPACE	далеко́	NOUN
находи́лся	PUNCT	от	ADP
далеко́	NOUN	столи́цы	NOUN
от	ADP	.	PUNCT
столи́цы	NOUN	Че́рез	NOUN
.	PUNCT	не́которое	ADJ
Через	ADP	вре́мя	PROPN
не́которое	ADJ	э́тот	PROPN
вре́мя	NOUN	райо́н	NOUN
э́тот	DET	он	PRON
райо́н	NOUN	сде́лал	VERB
он	PRON	лу́чшим	ADJ
сде́лал	VERB	в	ADP
лу́чшим	ADJ	о́бласти	NOUN
в	ADP	.	PUNCT
о́бласти	NOUN	Олига́рх	NOUN
.	PUNCT	пошёл	VERB
Олига́рх	NOUN	рабо́тать	PROPN
пошёл	VERB	с	ADP
рабо́тать	PROPN	детьми́	PROPN
с	ADP	.	PUNCT
детьми́	PROPN	Он	PRON
.	PUNCT	научи́л	ADJ
Он	PRON	дете́й	PROPN
научи́л	ADJ	мно́гим	PROPN
дете́й	PROPN	о́чень	PROPN
мно́гим	PROPN	ва́жным	ADJ
о́чень	PROPN	и	CCONJ
ва́жным	ADJ	поле́зным	ADJ
и	CCONJ	веща́м	NOUN
поле́зным	ADJ	и	CCONJ
веща́м	NOUN	дела́м	NOUN
и	CCONJ	.	PUNCT
дела́м	NOUN	Пра́вда	PUNCT
.	PUNCT	,	PUNCT
Пра́вда	PUNCT	э́то	NOUN
,	PUNCT	случи́лось	VERB
э́то	NOUN	че́рез	X
случи́лось	PROPN	год	NOUN
через	ADP	.	PUNCT
год	NOUN	А	CCONJ
.	PUNCT	пока́	PROPN
А	CCONJ	де́вочку	NOUN
пока́	PROPN	со	ADP
де́вочку	NOUN	спи́чками	NOUN
со	ADP	уви́дел	PROPN
спи́чками	NOUN	кру́пный	SPACE
уви́дел	PROPN	руководи́тель	PROPN
кру́пный	ADJ	го́рода	NOUN
руководи́тель	PROPN	.	PUNCT
го́рода	NOUN	–	PUNCT
.	PUNCT	Де́вочка	NOUN
"

"	SPACE	!	PUNCT
–	PUNCT	–	PUNCT
Де́вочка	NOUN	на́чал	VERB
!	PUNCT	гро́мко	PROPN
–	PUNCT	крича́ть	PROPN
на́чал	VERB	кру́пный	SPACE
гро́мко	PROPN	руководи́тель	PROPN
крича́ть	PROPN	го́рода	NOUN
кру́пный	SPACE	.	PUNCT
руководи́тель	PROPN	–	PUNCT
го́рода	NOUN	Со	ADP
.	PUNCT	спи́чками	PROPN
–	PUNCT	!	PUNCT
Со	ADP	Где	ADV
спи́чками	PROPN	твои́	PROPN
!	PUNCT	роди́тели	PROPN
Где	ADV	,	PUNCT
твои́	PROPN	де́вочка	NOUN
роди́тели	PROPN	?	PUNCT
,	PUNCT	!	PUNCT
де́вочка	NOUN	"
"	SPACE
?	PUNCT	–	PUNCT
!	PUNCT	Дя́дя	NOUN
"
"	SPACE	,	PUNCT
–	PUNCT	–	PUNCT
Дя́дя	NOUN	сказа́ла	NOUN
,	PUNCT	де́вочка	NOUN
–	PUNCT	о́чень	PROPN
сказа́ла	NOUN	серьёзно	ADV
де́вочка	NOUN	и	CCONJ
о́чень	PROPN	посмотре́ла	NOUN
серьёзно	ADV	на	ADP
и	CCONJ	него́	PROPN
посмотре́ла	NOUN	бо́льшими	ADJ
на	ADP	све́тлыми	ADJ
него́	PROPN	глаза́ми	NOUN
больши́ми	NOUN	.	PUNCT
све́тлыми	NUM	–	PUNCT
глаза́ми	NOUN	Вы	PRON
.	PUNCT	на	ADP
–	PUNCT	собра́ние	NOUN
Вы	PRON	опозда́ете	NOUN
на	ADP	.	PUNCT
собра́ние	NOUN	"
"	SPACE
опозда́ете	NOUN	–	PUNCT
.	PUNCT	Како́е	NUM
"
"	SPACE	собра́ние	NOUN
–	PUNCT	?	PUNCT
Како́е	NUM	–	PUNCT
собра́ние	NOUN	крича́л	ADJ
?	PUNCT	чино́вник	PROPN
–	PUNCT	.	PUNCT
крича́л	ADJ	"
"	SPACE
чино́вник	PROPN	Э́тот	PRON
.	PUNCT	чино́вник	PROPN
"
"	SPACE	отвеча́л	VERB
Э́тот	PRON	в	ADP
чино́вник	PROPN	го́роде	NOUN
отвеча́л	VERB	за	ADP
в	ADP	борьбу́	PROPN
го́роде	NOUN	с	ADP
за	ADP	детьми́	PROPN
борьбу́	PROPN	,	PUNCT
с	ADP	у	ADP
детьми́	PROPN	кото́рых	NUM
,	PUNCT	не́	PROPN
у	ADP	было	AUX
кото́рых	NUM	свое́й	X
не	PART	семьи́	PROPN
было	VERB	и	CCONJ
свое́й	X	до́ма	NOUN
семьи́	PROPN	и	CCONJ
и	CCONJ	кото́рые	NUM
до́ма	NOUN	жи́ли	SYM
и	CCONJ	на	ADP
кото́рые	NUM	у́лицах	NOUN
жи́ли	SYM	.	PUNCT
на	ADP	Борьба́	PROPN
у́лицах	NOUN	с	ADP
.	PUNCT	таки́ми	NOUN
Борьба́	PROPN	детьми́	PROPN
с	ADP	была́	PROPN
таки́ми	NOUN	де́лом	PROPN
детьми́	PROPN	тру́дным	NUM
была́	PROPN	.	PUNCT
де́лом	PROPN	Тру́дным	ADV
тру́дным	NUM	потому́	PROPN
.	PUNCT	,	PUNCT
Тру́дным	ADV	что	SCONJ
потому́	PROPN	в	ADP
,	PUNCT	детприёмниках	NOUN
что	SCONJ	его́	ADJ
в	ADP	родно́го	X
детприёмниках	NOUN	го́рода	NOUN
его́	ADJ	для	ADP
родно́го	X	дете́й	NOUN
го́рода	NOUN	созда́ли	VERB
для	ADP	таки́е	PROPN
дете́й	NOUN	усло́вия	SPACE
со́здали	VERB	,	PUNCT
таки́е	PROPN	от	ADP
усло́вия	SPACE	кото́рых	PROPN
,	PUNCT	они́	NOUN
от	ADP	сра́зу	X
кото́рых	PROPN	убега́ли	X
они́	NOUN	обра́тно	ADV
сра́зу	X	на	ADP
убега́ли	X	у́лицы	NOUN
обра́тно	ADV	.	PUNCT
на	ADP	На́до	NOUN
у́лицы	NOUN	сказа́ть	VERB
.	PUNCT	,	PUNCT
На́до	NOUN	что	SCONJ
сказа́ть	VERB	на	ADP
,	PUNCT	у́лицах	NOUN
что	SCONJ	де́тям	PROPN
на	ADP	бы́ло	NOUN
у́лицах	NOUN	и	CCONJ
де́тям	PROPN	тепле́й	NOUN
бы́ло	NOUN	,	PUNCT
и	CCONJ	и	CCONJ
тепле́й	NOUN	лу́чше	NOUN
,	PUNCT	,	PUNCT
и	CCONJ	и	CCONJ
лу́чше	NOUN	не	PART
,	PUNCT	так	ADV
и	CCONJ	опа́сно	ADJ
не	PART	.	PUNCT
так	ADV	"
"	SPACE
опа́сно	ADJ	Сейча́с	NUM
.	PUNCT	у	ADP
"
"	SPACE	кру́пного	PROPN
Сейча́с	NUM	руководи́теля	PROPN
у	ADP	го́рода	NOUN
кру́пного	PROPN	был	AUX
руководи́теля	PROPN	уника́льный	ADJ
го́рода	NOUN	слу́чай	PROPN
был	AUX	показа́ть	ADJ
уника́льный	ADJ	всем	PRON
слу́чай	PROPN	,	PUNCT
показа́ть	ADJ	как	SCONJ
всем	PRON	он	PRON
,	PUNCT	хорошо́	PROPN
как	SCONJ	рабо́тает	VERB
он	PRON	для	ADP
хорошо́	PROPN	го́рода	NOUN
рабо́тает	VERB	.	PUNCT
для	ADP	"
"	SPACE
го́рода	NOUN	–	PUNCT
.	PUNCT	Како́е	PUNCT
"
"	SPACE	мо́жет	PROPN
–	PUNCT	быть	VERB
Како́е	PUNCT	собра́ние	NOUN
мо́жет	PROPN	,	PUNCT
быть	VERB	когда́	PROPN
собра́ние	NOUN	на	ADP
,	PUNCT	холо́дной	ADJ
когда́	PROPN	у́лице	NOUN
на	ADP	сто́ит	PROPN
холо́дной	ADJ	де́вочка	NOUN
у́лице	SPACE	со	ADP
стои́т	NOUN	спи́чками	PROPN
де́вочка	NOUN	,	PUNCT
со	ADP	у	ADP
спи́чками	PROPN	кото́рой	NOUN
,	PUNCT	,	PUNCT
у	ADP	как	SCONJ
кото́рой	NOUN	я	PRON
,	PUNCT	понима́ю	VERB
как	SCONJ	,	PUNCT
я	PRON	нет	VERB
понима́ю	VERB	до́ма	NOUN
,	PUNCT	и	CCONJ
нет	VERB	се́мьи	PROPN
до́ма	NOUN	?	PUNCT
и	CCONJ	!	PUNCT
семьи́	PROPN	Я	PRON
?	PUNCT	тебя́	AUX
!	PUNCT	сейча́с	NOUN
Я	PRON	сам	ADJ
тебя́	AUX	отвезу́	PROPN
сейча́с	NOUN	в	ADP
сам	ADJ	детприёмник	NOUN
отвезу́	PROPN	!	PUNCT
в	ADP	Я	PRON
детприёмник	NOUN	сам	ADJ
!	PUNCT	посмотрю́	PROPN
Я	PRON	,	PUNCT
сам	ADJ	что́бы	NUM
посмотрю́	PROPN	тебя́	PROPN
,	PUNCT	побри́ли	NOUN
что́бы	NUM	,	PUNCT
тебя́	PROPN	потому́	PROPN
побри́ли	NOUN	что	SCONJ
,	PUNCT	ты	PRON
потому́	PROPN	,	PUNCT
что	SCONJ	наве́рное	ADJ
ты	PRON	,	PUNCT
,	PUNCT	о́чень	SPACE
наве́рное	ADJ	гря́зная	PROPN
,	PUNCT	и	CCONJ
о́чень	SPACE	больна́я	PROPN
гря́зная	PROPN	!	PUNCT
и	CCONJ	"
"	SPACE
больна́я	PROPN	–	PUNCT
!	PUNCT	Ру́ки	PROPN
"
"	SPACE	убери́те	PROPN
–	PUNCT	,	PUNCT
Ру́ки	PROPN	пожа́луйста	PROPN
убери́те	PROPN	,	PUNCT
,	PUNCT	–	PUNCT
пожа́луйста	PROPN	ти́хо	NOUN
,	PUNCT	сказа́ла	X
–	PUNCT	де́вочка	PROPN
ти́хо	NOUN	.	PUNCT
сказа́ла	X	"

"	SPACE
де́вочка	PROPN	–	PUNCT
.	PUNCT	Нет	PART
"

"	SPACE	-	ADV
–	PUNCT	нет	PART
Нет	PART	,	PUNCT
-	ADV	прошу́	PROPN
нет	PART	 	SPACE
,	PUNCT	вас	PRON
прошу́	PROPN	,	PUNCT
вас	PRON	не	PART
,	PUNCT	убира́йте	NUM
не	PART	ру́ки	NUM
убира́йте	NUM	!	PUNCT
ру́ки	NUM	–	PUNCT
!	PUNCT	закрича́л	VERB
–	PUNCT	над	ADP
закрича́л	VERB	у́хом	PROPN
над	ADP	кру́пного	PROPN
у́хом	PROPN	руководи́теля	PROPN
кру́пного	PROPN	го́рода	NOUN
руководи́теля	PROPN	кто	PRON
го́рода	NOUN	-	PRON
кто́	NOUN	то	PRON
-	NOUN	о́чень	PUNCT
то	DET	неприя́тным	ADJ
о́чень	SPACE	го́лосом	NOUN
неприя́тным	ADJ	.	PUNCT
го́лосом	NOUN	Э́тот	DET
.	PUNCT	го́лос	PROPN
Э́тот	DET	не	PART
го́лос	PROPN	мог	VERB
не	PART	быть	AUX
мог	VERB	го́лосом	NOUN
быть	AUX	мужчи́ны	PROPN
го́лосом	NOUN	,	PUNCT
мужчи́ны	PROPN	же́нщины	NOUN
,	PUNCT	,	PUNCT
же́нщины	NOUN	старика́	PROPN
,	PUNCT	и́ли	NUM
старика́	PROPN	ребёнка	NOUN
и́ли	NUM	,	PUNCT
ребёнка	NOUN	э́тот	PROPN
,	PUNCT	го́лос	PROPN
э́тот	PROPN	мог	VERB
го́лос	PROPN	быть	AUX
мог	VERB	то́лько	ADV
быть	AUX	го́лосом	NOUN
то́лько	ADV	сканда́льного	ADJ
го́лосом	NOUN	журнали́ста	NOUN
сканда́льного	ADJ	,	PUNCT
журнали́ста	NOUN	кото́рого	PROPN
,	PUNCT	ка́ждый	ADJ
кото́рого	PROPN	день	NOUN
ка́ждый	ADJ	пока́зывали	VERB
день	NOUN	по	ADP
пока́зывали	VERB	телеви́зору	PROPN
по	ADP	,	PUNCT
телеви́зору	PROPN	–	PUNCT
,	PUNCT	Гле́ба	PROPN
–	PUNCT	Косы́х	PUNCT
Гле́ба	PROPN	.	PUNCT
Косы́х	PUNCT	"
"	SPACE
.	PUNCT	–	PUNCT
"
"	SPACE	Мы	PRON
–	PUNCT	опя́ть	PROPN
Мы	PRON	гото́вим	PRON
опя́ть	PROPN	но́вую	ADJ
гото́вим	PRON	сканда́льную	ADJ
но́вую	ADJ	програ́мму	SPACE
сканда́льную	ADJ	!	PUNCT
програ́мму	SPACE	–	PUNCT
!	PUNCT	крича́л	ADJ
–	PUNCT	Косы́х	PUNCT
крича́л	ADJ	.	PUNCT
Косы́х	PUNCT	–	PUNCT
.	PUNCT	Кру́пный	ADJ
–	PUNCT	руководи́тель	PROPN
Кру́пный	ADJ	го́рода	NOUN
руководи́тель	PROPN	и	CCONJ
го́рода	NOUN	ма́ленькая	ADJ
и	CCONJ	де́вочка	NOUN
ма́ленькая	ADJ	на	ADP
де́вочка	NOUN	у́лице	SPACE
на	ADP	–	PUNCT
у́лице	SPACE	э́то	NOUN
–	PUNCT	то	PRON
э́то	NOUN	,	PUNCT
то	PRON	что	PRON
,	PUNCT	ну́жно	PROPN
что	PRON	!	PUNCT
ну́жно	PROPN	О́чень	NOUN
!	PUNCT	прошу́	PROPN
О́чень	NOUN	вас	PRON
прошу́	PROPN	,	PUNCT
вас	PRON	возьми́те	NOUN
,	PUNCT	её	DET
возьми́те	VERB	опя́ть	PROPN
её	DET	за́	PUNCT
опя́ть	PROPN	руки	NOUN
за	ADP	!	PUNCT
руки	NOUN	"
"	SPACE
!	PUNCT	Ря́дом	NOUN
"
"	SPACE	с	ADP
Ря́дом	NOUN	Косы́х	PROPN
с	ADP	уже́	VERB
Косы́х	PROPN	стоя́л	ADJ
уже́	VERB	то́лстый	ADJ
стоя́л	ADJ	челове́к	NOUN
то́лстый	ADJ	и	CCONJ
челове́к	NOUN	снима́л	PROPN
и	CCONJ	кру́пного	PROPN
снима́л	PROPN	руководи́теля	PROPN
кру́пного	PROPN	го́рода	NOUN
руководи́теля	PROPN	для	ADP
го́рода	NOUN	того́	PROPN
для	ADP	,	PUNCT
того́	PROPN	что́бы	NUM
,	PUNCT	показа́ть	PROPN
что́бы	NUM	его́	NOUN
показа́ть	PROPN	по	ADP
его́	NOUN	телеви́зору	PROPN
по	ADP	жи́телям	NOUN
телеви́зору	PROPN	э́того	ADJ
жи́телям	NOUN	го́рода	NOUN
э́того	ADJ	в	ADP
го́рода	NOUN	програ́мме	NOUN
в	ADP	изве́стного	ADJ
програ́мме	NOUN	сканда́льного	ADJ
изве́стного	ADJ	журнали́ста	NOUN
сканда́льного	ADJ	за́втра	NOUN
журнали́ста	NOUN	,	PUNCT
за́втра	NOUN	а	CCONJ
,	PUNCT	,	PUNCT
а	CCONJ	мо́жет	PROPN
,	PUNCT	быть	VERB
мо́жет	PROPN	,	PUNCT
быть	VERB	уже́	VERB
,	PUNCT	и	CCONJ
уже́	VERB	сего́дня	SPACE
и	CCONJ	.	PUNCT
сего́дня	SPACE	"

"	SPACE
.	PUNCT	–	PUNCT
"

"	SPACE	Что	PRON
–	PUNCT	здесь	ADV
Что	PRON	тако́е	INTJ
здесь	ADV	?	PUNCT
тако́е	INTJ	!	PUNCT
?	PUNCT	–	PUNCT
!	PUNCT	сказа́л	ADJ
–	PUNCT	гро́мким	ADJ
сказа́л	ADJ	го́лосом	NOUN
гро́мким	ADJ	представи́тель	PROPN
го́лосом	NOUN	мили́ции	NOUN
представи́тель	PROPN	центра́льного	ADJ
мили́ции	NOUN	райо́на	PROPN
центра́льного	ADJ	,	PUNCT
райо́на	PROPN	где	ADV
,	PUNCT	всё	PRON
где	ADV	э́то	NOUN
всё	PRON	происходи́ло	VERB
э́то	NOUN	.	PUNCT
происходи́ло	VERB	Он	PRON
.	PUNCT	неда́вно	SPACE
Он	PRON	вы́шел	VERB
неда́вно	SPACE	на	ADP
вы́шел	VERB	у́лицу	NOUN
на	ADP	,	PUNCT
у́лицу	NOUN	что́бы	NUM
,	PUNCT	посмотре́ть	ADV
что́бы	NUM	,	PUNCT
посмотре́ть	ADV	всё	PART
,	PUNCT	ли	PART
всё	PART	там	ADV
ли	PART	споко́йно	ADV
там	ADV	(	PUNCT
споко́йно	ADV	не	PART
(	PUNCT	забыва́йте	VERB
не	PART	,	PUNCT
забыва́йте	VERB	что	SCONJ
,	PUNCT	у́лицы	NOUN
что	SCONJ	бы́ли	SYM
у́лицы	NOUN	центра́льные	PROPN
бы́ли	SYM	,	PUNCT
центра́льные	PROPN	и	CCONJ
,	PUNCT	представи́тели	PROPN
и	CCONJ	вла́сти	NOUN
представи́тели	PROPN	появля́лись	PROPN
вла́сти	NOUN	на	ADP
появля́лись	PROPN	них	PRON
на	ADP	постоя́нно	ADV
них	PRON	и	CCONJ
постоя́нно	ADV	регуля́рно	SPACE
и	CCONJ	)	PUNCT
регуля́рно	SPACE	.	PUNCT
)	PUNCT	"
"	SPACE
.	PUNCT	–	PUNCT
"
"	SPACE	Де́вочка	NOUN
–	PUNCT	?	PUNCT
Де́вочка	NOUN	Со	ADP
?	PUNCT	спи́чками	PROPN
Со	ADP	?	PUNCT
спи́чками	PROPN	!	PUNCT
?	PUNCT	Про́тив	PUNCT
!	PUNCT	на́шего	ADJ
Про́тив	PUNCT	поря́дка	NOUN
на́шего	ADJ	?	PUNCT
поря́дка	NOUN	!	PUNCT
?	PUNCT	Ах	CCONJ
!	PUNCT	ты	PRON
Ах	CCONJ	,	PUNCT
ты	PRON	нацбо́лка	NOUN
,	PUNCT	!	PUNCT
нацбо́лка	NOUN	–	PUNCT
!	PUNCT	он	PRON
–	PUNCT	доста́л	ADJ
он	PRON	из	ADP
доста́л	ADJ	карма́на	NOUN
из	ADP	нару́чники	PROPN
карма́на	NOUN	.	PUNCT
нару́чники	PROPN	Че́рез	NOUN
.	PUNCT	секу́нду	SYM
Через	ADP	нару́чники	PROPN
секу́нду	NOUN	бы́ли	X
нару́чники	PROPN	пе́ред	PROPN
бы́ли	NUM	но́сом	PROPN
перед	ADP	де́вочки	NOUN
но́сом	PROPN	.	PUNCT
де́вочки	NOUN	–	PUNCT
.	PUNCT	Отойди́те	NOUN
–	PUNCT	,	PUNCT
Отойди́те	NOUN	гра́ждане	PROPN
,	PUNCT	,	PUNCT
гра́ждане	PROPN	сейча́с	PROPN
,	PUNCT	здесь	ADV
сейча́с	PROPN	начну́т	VERB
здесь	ADV	заде́рживать	VERB
начну́т	VERB	малоле́тнюю	ADJ
заде́рживать	VERB	экстреми́стку	PROPN
малоле́тнюю	ADJ	!	PUNCT
экстреми́стку	PROPN	Ра́зве	PUNCT
!	PUNCT	мо́жно	PROPN
Ра́зве	PUNCT	быть	AUX
мо́жно	PROPN	на	ADP
быть	AUX	у́лице	NOUN
на	ADP	со	ADP
у́лице	NOUN	спи́чками	PROPN
со	ADP	!	PUNCT
спи́чками	PROPN	Ей	PRON
!	PUNCT	не	PART
Ей	PRON	нра́вится	VERB
не	PART	на́ша	NOUN
нра́вится	VERB	жизнь	NOUN
на́ша	NOUN	?	PUNCT
жизнь	NOUN	Ей	PRON
?	PUNCT	не	PART
Ей	PRON	нра́вятся	VERB
не	PART	на́ши	ADP
нра́вятся	VERB	успе́хи	PROPN
на́ши	ADP	в	ADP
успе́хи	PROPN	эконо́мике	PROPN
в	ADP	и	CCONJ
эконо́мике	PROPN	в	ADP
и	CCONJ	междунаро́дной	ADJ
в	ADP	поли́тике	NOUN
междунаро́дной	ADJ	?	PUNCT
поли́тике	NOUN	Она́	VERB
?	PUNCT	нам	PRON
Она́	VERB	всё	PRON
нам	PRON	расска́жет	NOUN
всё	PRON	о	ADP
расска́жет	NOUN	свои́х	ADJ
о	ADP	гря́зных	VERB
свои́х	ADJ	дела́х	NOUN
гря́зных	VERB	и	CCONJ
дела́х	NOUN	та́йнах	NOUN
и	CCONJ	!	PUNCT
та́йнах	NOUN	Она́	VERB
!	PUNCT	отве́тит	NOUN
Она́	VERB	на	ADP
отве́тит	NOUN	все	DET
на	ADP	на́ши	NOUN
все	DET	вопро́сы	PART
на́ши	NOUN	!	PUNCT
вопро́сы	PART	"
"	SPACE
!	PUNCT	Контро́ль	NOUN
"
"	SPACE	"

"	SPACE
Контроль	NOUN	–	PUNCT
"

"	SPACE	Вот	PART
–	PUNCT	что	PRON
Вот	PART	де́лают	VERB
что	PRON	на́ши	NOUN
де́лают	VERB	вла́сти	NOUN
на́ши	NOUN	с	ADP
вла́сти	NOUN	те́ми	NOUN
с	ADP	,	PUNCT
те́ми	NOUN	кто	PRON
,	PUNCT	не	PART
кто	PRON	согла́сен	DET
не	PART	с	ADP
согла́сен	DET	ни́ми	NOUN
с	ADP	!	PUNCT
ни́ми	NOUN	–	PUNCT
!	PUNCT	ра́достно	ADV
–	PUNCT	закрича́л	ADJ
ра́достно	ADV	оппозиционе́р	NOUN
закрича́л	ADJ	,	PUNCT
оппозиционе́р	NOUN	кото́рый	SPACE
,	PUNCT	проходи́л	NOUN
кото́рый	SPACE	ми́мо	NOUN
проходи́л	NOUN	.	PUNCT
ми́мо	NOUN	–	PUNCT
.	PUNCT	Да́же	PROPN
–	PUNCT	де́ти	NUM
Да́же	PROPN	выступа́ют	PROPN
де́ти	NUM	про́тив	VERB
выступа́ют	PROPN	зако́нов	NOUN
про́тив	VERB	жи́зни	PROPN
зако́нов	NOUN	,	PUNCT
жи́зни	PROPN	существу́ющих	VERB
,	PUNCT	в	ADP
существу́ющих	VERB	э́той	ADJ
в	ADP	стране́	PROPN
э́той	ADJ	!	PUNCT
стране́	PROPN	Да́же	NOUN
!	PUNCT	ма́ленькие	ADJ
Да́же	NOUN	де́вочки	NOUN
ма́ленькие	ADJ	выхо́дят	VERB
де́вочки	NOUN	на	ADP
выхо́дят	VERB	у́лицы	NOUN
на	ADP	,	PUNCT
у́лицы	NOUN	потому́	PROPN
,	PUNCT	что	SCONJ
потому́	PROPN	они́	NOUN
что	SCONJ	не	PART
они́	NOUN	согла́сны	PUNCT
не	PART	жить	VERB
согла́сны	PUNCT	так	ADV
жить	VERB	да́льше	ADV
так	ADV	!	PUNCT
да́льше	ADV	Где	ADV
!	PUNCT	представи́тели	PROPN
Где	ADV	междунаро́дных	ADJ
представи́тели	PROPN	де́тских	ADJ
междунаро́дных	ADJ	организа́ций	NOUN
де́тских	ADJ	?	PUNCT
организа́ций	NOUN	Покажи́те	ADJ
?	PUNCT	им	PRON
Покажи́те	ADJ	,	PUNCT
им	PRON	как	SCONJ
,	PUNCT	пло́хо	AUX
как	SCONJ	на́шему	ADJ
пло́хо	AUX	ребёнку	NOUN
на́шему	ADJ	,	PUNCT
ребёнку	NOUN	как	SCONJ
,	PUNCT	он	PRON
как	SCONJ	протесту́ет	VERB
он	PRON	,	PUNCT
протесту́ет	VERB	потому́	PROPN
,	PUNCT	что	SCONJ
потому́	PROPN	в	ADP
что	SCONJ	стране́	PROPN
в	ADP	невозмо́жно	ADJ
стране́	PROPN	говори́ть	VERB
невозмо́жно	ADJ	то	PRON
говори́ть	VERB	,	PUNCT
то	PRON	о	ADP
,	PUNCT	чём	NOUN
о	ADP	ты	PRON
чём	NOUN	ду́маешь	VERB
ты	PRON	и	CCONJ
ду́маешь	VERB	о	ADP
и	CCONJ	чём	NOUN
о	ADP	хо́чешь	VERB
чём	NOUN	всем	PRON
хо́чешь	VERB	сказа́ть	VERB
всем	PRON	!	PUNCT
сказа́ть	VERB	"

"	SPACE
!	PUNCT	–	PUNCT
"

"	SPACE	Де́вочка	NOUN
–	PUNCT	?	PUNCT
Де́вочка	NOUN	Со	ADP
?	PUNCT	спи́чками	PROPN
Со	ADP	?	PUNCT
спи́чками	PROPN	–	PUNCT
?	PUNCT	злым	ADJ
–	PUNCT	го́лосом	NOUN
злым	ADJ	кри́кнул	PROPN
го́лосом	NOUN	представи́тель	PROPN
кри́кнул	PROPN	организа́ции	NOUN
представи́тель	PROPN	по	ADP
организа́ции	NOUN	борьбе́	PROPN
по	ADP	с	ADP
борьбе́	PROPN	незако́нным	ADJ
с	ADP	передвиже́нием	NOUN
незако́нным	ADJ	мигра́нтов	PROPN
передвиже́нием	NOUN	.	PUNCT
мигра́нтов	PROPN	–	PUNCT
.	PUNCT	Ты	PRON
–	PUNCT	что	PRON
Ты	PRON	тут	ADV
что	PRON	де́лаешь	VERB
тут	ADV	,	PUNCT
де́лаешь	VERB	а	CCONJ
,	PUNCT	?	PUNCT
а	CCONJ	!	PUNCT
?	PUNCT	Да	PART
!	PUNCT	я	PRON
Да	PART	чу́вствую	VERB
я	PRON	,	PUNCT
чу́вствую	VERB	что	SCONJ
,	PUNCT	ты	PRON
что	SCONJ	не	PART
ты	PRON	из	ADP
не	PART	на́ших	VERB
из	ADP	мест	NOUN
на́ших	VERB	!	PUNCT
мест	NOUN	Да	PART
!	PUNCT	ты	PRON
Да	PART	не	PART
ты	PRON	на́ша	NOUN
не	PART	!	PUNCT
на́ша	NOUN	Говори́	NOUN
!	PUNCT	,	PUNCT
Говори́	NOUN	гастарбайтерша	VERB
,	PUNCT	,	PUNCT
гастарба́йтерша	PROPN	отку́да	NOUN
,	PUNCT	пришла́	PROPN
отку́да	NOUN	!	PUNCT
пришла́	PROPN	Я	PRON
!	PUNCT	тебя́	PRON
Я	PRON	здесь	ADV
тебя́	PRON	никогда́	PROPN
здесь	ADV	не	PART
никогда́	PROPN	ви́дел	VERB
не	PART	!	PUNCT
ви́дел	VERB	Э́то	PUNCT
!	PUNCT	и́з	NOUN
Э́то	PUNCT	-	NOUN
из	ADP	за	ADP
-	ADP	таки́х	NOUN
за	ADP	,	PUNCT
таки́х	NOUN	как	SCONJ
,	PUNCT	ты	PRON
как	SCONJ	,	PUNCT
ты	PRON	кото́рые	SPACE
,	PUNCT	сюда́	PROPN
кото́рые	SPACE	к	ADP
сюда́	PROPN	нам	PRON
к	ADP	прие́хали	PROPN
нам	PRON	,	PUNCT
прие́хали	PROPN	на́ши	PART
,	PUNCT	ме́стные	ADJ
на́ши	PART	до́брые	ADJ
ме́стные	ADJ	гра́ждане	NOUN
до́брые	ADJ	не	PART
гра́ждане	NOUN	мо́гут	PROPN
не	PART	организова́ть	ADV
мо́гут	PROPN	торго́влю	NUM
организова́ть	ADV	спи́чками	PUNCT
торго́влю	NUM	!	PUNCT
спи́чками	PUNCT	Я	PRON
!	PUNCT	с	ADP
Я	PRON	де́тства	NOUN
с	ADP	мечта́л	PROPN
де́тства	NOUN	продава́ть	NOUN
мечта́л	PROPN	спи́чки	NOUN
продава́ть	NOUN	!	PUNCT
спи́чки	NOUN	Но	CCONJ
!	PUNCT	и́з	NOUN
Но	CCONJ	-	NOUN
из	ADP	за	ADP
-	ADP	таки́х	NOUN
за	ADP	,	PUNCT
таки́х	NOUN	как	SCONJ
,	PUNCT	ты	PRON
как	SCONJ	,	PUNCT
ты	PRON	я	PRON
,	PUNCT	до́лжен	VERB
я	PRON	с	ADP
до́лжен	VERB	го́лоду	NOUN
с	ADP	умира́ть	VERB
го́лоду	NOUN	в	ADP
умира́ть	VERB	свое́й	PROPN
в	ADP	организа́ции	PROPN
свое́й	PROPN	по	ADP
организа́ции	PROPN	борьбе́	PROPN
по	ADP	с	ADP
борьбе́	PROPN	мигра́нтами	PROPN
с	ADP	!	PUNCT
мигранта́ми	NOUN	Покажи́	VERB
!	PUNCT	свой	DET
Покажи́	VERB	па́спорт	NOUN
свой	DET	с	ADP
па́спорт	NOUN	пропи́ской	PROPN
с	ADP	,	PUNCT
пропи́ской	PROPN	и́ли	PROPN
,	PUNCT	тебя́	PROPN
и́ли	PROPN	не	PART
тебя́	PROPN	бу́дет	PART
не	PART	в	ADP
бу́дет	PART	на́шем	PROPN
в	ADP	го́роде	NOUN
на́шем	PROPN	!	PUNCT
го́роде	NOUN	Я	PRON
!	PUNCT	бы́стро	NOUN
Я	PRON	сде́лаю	VERB
бы́стро	NOUN	так	ADV
сде́лаю	VERB	,	PUNCT
так	ADV	что	SCONJ
,	PUNCT	тебя́	PROPN
что	SCONJ	здесь	ADV
тебя́	PROPN	бо́льше	ADV
здесь	ADV	никогда́	PROPN
бо́льше	ADV	не	PART
никогда́	PROPN	бу́дет	PROPN
не	PART	!	PUNCT
бу́дет	PROPN	"

"	SPACE
!	PUNCT	–	PUNCT
"

"	SPACE	Ти́хо	NOUN
–	PUNCT	!	PUNCT
Ти́хо	NOUN	Споко́йно	ADV
!	PUNCT	!	PUNCT
Споко́йно	ADV	Э́то	PUNCT
!	PUNCT	моя́	NOUN
Э́то	PUNCT	де́вочка	NOUN
моя́	NOUN	!	PUNCT
де́вочка	NOUN	–	PUNCT
!	PUNCT	уже́	VERB
–	PUNCT	крича́л	PROPN
уже́	VERB	из	ADP
крича́л	PROPN	толпы́	PROPN
из	ADP	кру́пный	PROPN
толпы́	PROPN	благотвори́тель	PROPN
кру́пный	PROPN	райо́на	X
благотвори́тель	PROPN	.	PUNCT
райо́на	X	В	ADP
.	PUNCT	неспоко́йные	ADJ
В	ADP	90-ые	NUM
неспоко́йные	ADJ	го́ды	NOUN
90-ые	NUM	он	PRON
го́ды	NOUN	был	AUX
он	PRON	изве́стным	VERB
был	AUX	в	ADP
изве́стным	VERB	го́роде	NOUN
в	ADP	банди́том	NOUN
го́роде	NOUN	.	PUNCT
банди́том	NOUN	Сего́дня	ADV
.	PUNCT	же	PART
Сего́дня	ADV	все	DET
же	PART	его́	ADJ
все	DET	зна́ли	PROPN
его́	ADJ	как	SCONJ
зна́ли	PROPN	хозя́ина	NOUN
как	SCONJ	казино́	PROPN
хозя́ина	NOUN	,	PUNCT
казино́	PROPN	кото́рое	NOUN
,	PUNCT	находи́лось	PROPN
кото́рое	NOUN	в	ADP
находи́лось	PROPN	са́мом	PROPN
в	ADP	це́нтре	NOUN
са́мом	PROPN	го́рода	NOUN
це́нтре	NOUN	.	PUNCT
го́рода	NOUN	–	PUNCT
.	PUNCT	Я	PRON
–	PUNCT	сейча́с	ADJ
Я	PRON	бу́ду	AUX
сейча́с	ADJ	её	DET
бу́ду	AUX	благотвори́телем	PROPN
её	DET	!	PUNCT
благотвори́телем	PROPN	Пу́стите	VERB
!	PUNCT	меня́	PROPN
Пусти́те	NOUN	,	PUNCT
меня́	PROPN	я	PRON
,	PUNCT	ей	PRON
я	PRON	дам	VERB
ей	PRON	!	PUNCT
дам	VERB	Все	DET
!	PUNCT	говоря́т	NOUN
Все	DET	,	PUNCT
говоря́т	NOUN	что	SCONJ
,	PUNCT	в	ADP
что	SCONJ	го́роде	NOUN
в	ADP	казино́	PROPN
го́роде	NOUN	не	PART
казино́	PROPN	ну́жно	PROPN
не	PART	!	PUNCT
ну́жно	PROPN	А	CCONJ
!	PUNCT	казино́	PROPN
А	CCONJ	ко́рмит	VERB
казино́	PROPN	голо́дных	ADJ
ко́рмит	VERB	и	CCONJ
голо́дных	ADJ	бе́дных	ADJ
и	CCONJ	дете́й	NOUN
бе́дных	ADJ	!	PUNCT
дете́й	NOUN	Да́йте	VERB
!	PUNCT	мне	PRON
Да́йте	VERB	пройти́	PROPN
мне	PRON	к	ADP
пройти́	PROPN	де́вочке	NOUN
к	ADP	,	PUNCT
де́вочке	NOUN	я	PRON
,	PUNCT	несу́	VERB
я	PRON	ей	PRON
несу́	VERB	золоту́ю	NOUN
ей	PRON	ка́рту	PROPN
золоту́ю	NOUN	на́шего	ADJ
ка́рту	PROPN	казино́	PROPN
на́шего	ADJ	и	CCONJ
казино́	PROPN	на	ADP
и	CCONJ	за́втрак	NOUN
на	ADP	ка́шу	NOUN
за́втрак	NOUN	!	PUNCT
ка́шу	NOUN	"
"	SPACE
!	PUNCT	–	PUNCT
"
"	SPACE	Не	PART
–	PUNCT	подходи́те	ADV
Не	PART	к	ADP
подходи́те	ADV	де́вочке	NOUN
к	ADP	!	PUNCT
де́вочке	NOUN	–	PUNCT
!	PUNCT	крича́л	ADJ
–	PUNCT	кра́сный	PROPN
крича́л	ADJ	от	ADP
кра́сный	PROPN	возмуще́ния	NOUN
от	ADP	ма́льчик	NOUN
возмуще́ния	NOUN	из	ADP
ма́льчик	NOUN	молодёжного	ADJ
из	ADP	движе́ния	NOUN
молодёжного	ADJ	.	PUNCT
движе́ния	NOUN	–	PUNCT
.	PUNCT	Э́то	PUNCT
–	PUNCT	на́ша	NOUN
Э́то	PUNCT	де́вочка	NOUN
на́ша	NOUN	!	PUNCT
де́вочка	NOUN	Она́	VERB
!	PUNCT	бу́дет	PROPN
Она́	VERB	с	ADP
бу́дет	PROPN	на́ми	NOUN
с	ADP	,	PUNCT
на́ми	NOUN	с	ADP
,	PUNCT	молоды́ми	NOUN
с	ADP	!	PUNCT
молоды́ми	NOUN	Она́	VERB
!	PUNCT	пойдёт	VERB
Она́	VERB	с	ADP
пойдёт	VERB	на́ми	NOUN
с	ADP	на	ADP
на́ми	NOUN	демонстра́цию	NOUN
на	ADP	к	ADP
демонстра́цию	NOUN	америка́нскому	PROPN
к	ADP	посо́льству	PROPN
америка́нскому	PROPN	!	PUNCT
посо́льству	PROPN	Она́	VERB
!	PUNCT	там	ADV
Она́	VERB	бу́дет	PART
там	ADV	выступа́ть	VERB
бу́дет	PART	про́тив	VERB
выступа́ть	VERB	!	PUNCT
про́тив	VERB	Пу́стите	VERB
!	PUNCT	меня́	PROPN
Пусти́те	NOUN	,	PUNCT
меня́	PROPN	я	PRON
,	PUNCT	из	ADP
я	PRON	на́шей	DET
из	ADP	организа́ции	NOUN
на́шей	DET	гла́вный	SPACE
организа́ции	NOUN	в	ADP
гла́вный	SPACE	райо́не	NOUN
в	ADP	!	PUNCT
райо́не	NOUN	Я	PRON
!	PUNCT	оди́н	DET
Я	PRON	раз	NOUN
оди́н	DET	с	ADP
раз	NOUN	на́шим	PROPN
с	ADP	гла́вным	ADJ
на́шим	PROPN	руководи́телем	PROPN
гла́вным	ADJ	ря́дом	PROPN
руководи́телем	PROPN	стоя́л	PROPN
ря́дом	PROPN	!	PUNCT
стоя́л	PROPN	"

"	SPACE
!	PUNCT	Не́которое	CCONJ
"

"	SPACE	вре́мя	NOUN
Не́которое	CCONJ	де́вочка	NOUN
вре́мя	NOUN	со	ADP
де́вочка	NOUN	спи́чками	NOUN
со	ADP	брезгли́во	PROPN
спи́чками	NOUN	смотре́ла	X
брезгли́во	PROPN	на	ADP
смотре́ла	X	ру́ки	NOUN
на	ADP	,	PUNCT
ру́ки	NOUN	кото́рые	ADJ
,	PUNCT	тяну́лись	VERB
кото́рые	ADJ	к	ADP
тяну́лись	VERB	ней	PRON
к	ADP	,	PUNCT
ней	PRON	и	CCONJ
,	PUNCT	слу́шала	SPACE
и	CCONJ	то	PRON
слу́шала	SPACE	,	PUNCT
то	PRON	что	SCONJ
,	PUNCT	все	DET
что	SCONJ	они	PRON
все	DET	друг	PRON
они́	VERB	дру́гу	PROPN
друг	PRON	и	CCONJ
дру́гу	PROPN	ей	PRON
и	CCONJ	крича́ли	NOUN
ей	PRON	.	PUNCT
крича́ли	NOUN	Всем	PRON
.	PUNCT	э́тим	PROPN
Всем	PRON	лю́дям	PROPN
э́тим	PROPN	она́	VERB
лю́дям	PROPN	была́	PROPN
она́	VERB	не	PART
была́	PROPN	про́сто	PART
не	PART	нужна́	NOUN
про́сто	PART	,	PUNCT
нужна́	NOUN	а	CCONJ
,	PUNCT	о́чень	SPACE
а	CCONJ	си́льно	ADJ
о́чень	SPACE	нужна́	PROPN
си́льно	ADJ	.	PUNCT
нужна́	PROPN	Пра́вда	PUNCT
.	PUNCT	,	PUNCT
Пра́вда	PUNCT	о́чень	SPACE
,	PUNCT	си́льно	ADV
о́чень	SPACE	была́	PROPN
си́льно	ADV	нужна́	PROPN
была́	PROPN	она́	VERB
нужна́	PROPN	сама́	PROPN
она́	VERB	,	PUNCT
сама́	PROPN	а	CCONJ
,	PUNCT	не	PART
а	CCONJ	то	PRON
не	PART	,	PUNCT
то	PRON	для	ADP
,	PUNCT	чего́	PROPN
для	ADP	она́	VERB
чего́	PROPN	была́	PROPN
она́	VERB	со́здана	NOUN
была́	PROPN	...	PUNCT
создана́	PROPN	"
"	SPACE
…	PUNCT	Де́вочка	NOUN
"
"	SPACE	брезгли́во	NOUN
Де́вочка	NOUN	усмехну́лась	VERB
брезгли́во	NOUN	,	PUNCT
усмехну́лась	VERB	и	CCONJ
,	PUNCT	сра́зу	NOUN
и	CCONJ	ста́ло	NUM
сра́зу	NOUN	ти́хо	NOUN
ста́ло	NUM	.	PUNCT
ти́хо	NOUN	Пра́вда	PUNCT
.	PUNCT	,	PUNCT
Пра́вда	PUNCT	то́лько	ADV
,	PUNCT	продолжа́л	VERB
то́лько	ADV	крича́ть	ADV
продолжа́л	VERB	не́рвный	VERB
крича́ть	ADV	депута́т	NOUN
не́рвный	VERB	ме́стного	ADJ
депута́т	NOUN	законода́тельного	ADJ
ме́стного	ADJ	собра́ния	NOUN
законода́тельного	ADJ	,	PUNCT
собра́ния	NOUN	кото́рый	SPACE
,	PUNCT	тре́бовал	NOUN
кото́рый	SPACE	сейча́с	NOUN
тре́бовал	NOUN	же	PART
сейча́с	NOUN	оштрафова́ть	ADJ
же	PART	ребёнка	NOUN
оштрафова́ть	ADJ	за	ADP
ребёнка	NOUN	то	PRON
за	ADP	,	PUNCT
то	PRON	что	SCONJ
,	PUNCT	она́	VERB
что	SCONJ	демонстрати́вно	ADV
она́	VERB	ку́рит	PROPN
демонстрати́вно	ADV	на	ADP
ку́рит	PROPN	у́лицах	NOUN
на	ADP	.	PUNCT
у́лицах	NOUN	На́до	NOUN
.	PUNCT	сказа́ть	VERB
На́до	NOUN	,	PUNCT
сказа́ть	VERB	что	SCONJ
,	PUNCT	у	ADP
что	SCONJ	самого́	PROPN
у	ADP	депута́та	NOUN
самого́	PROPN	был	AUX
депута́та	NOUN	небольшо́й	ADJ
был	AUX	би́знес	NOUN
небольшо́й	ADJ	.	PUNCT
би́знес	NOUN	У	ADP
.	PUNCT	него́	PRON
У	ADP	был	VERB
него́	PRON	свой	DET
был	VERB	прито́н	NOUN
свой	DET	.	PUNCT
прито́н	NOUN	Свой	DET
.	PUNCT	би́знес	NOUN
Свой	DET	депута́т	NOUN
би́знес	NOUN	ме́стного	ADJ
депута́т	NOUN	законода́тельного	ADJ
ме́стного	ADJ	собра́ния	NOUN
законода́тельного	ADJ	вёл	PROPN
собра́ния	NOUN	скры́тно	SPACE
вёл	PROPN	,	PUNCT
скры́тно	SPACE	недемонстративно	ADJ
,	PUNCT	...	PUNCT
недемонстрати́вно	ADJ	"
"	SPACE
…	PUNCT	Де́вочка	NOUN
"
"	SPACE	откры́ла	NOUN
Де́вочка	NOUN	свою́	PROPN
откры́ла	NOUN	коро́бку	SPACE
свою́	PROPN	,	PUNCT
коро́бку	SPACE	где	ADV
,	PUNCT	остава́лось	VERB
где	ADV	не́сколько	ADJ
остава́лось	VERB	спи́чек	NOUN
не́сколько	ADJ	.	PUNCT
спи́чек	NOUN	Их	DET
.	PUNCT	бы́ло	NOUN
Их	DET	доста́точно	PROPN
бы́ло	NOUN	,	PUNCT
доста́точно	PROPN	что́бы	NUM
,	PUNCT	реши́ть	VERB
что́бы	NUM	пробле́мы	NOUN
реши́ть	VERB	ещё	ADV
пробле́мы	NOUN	не́скольких	ADJ
ещё	ADV	жи́телей	NOUN
не́скольких	ADJ	э́того	ADJ
жи́телей	NOUN	го́рода	NOUN
э́того	ADJ	.	PUNCT
го́рода	NOUN	Де́вочка	NOUN
.	PUNCT	вдруг	ADV
Де́вочка	NOUN	улыбну́лась	VERB
вдруг	ADV	,	PUNCT
улыбну́лась	VERB	на	ADP
,	PUNCT	лице́	PROPN
на	ADP	её	DET
лице́	PROPN	появи́лись	VERB
её	DET	ра́дость	NOUN
появи́лись	VERB	и	CCONJ
ра́дость	NOUN	свет	NOUN
и	CCONJ	,	PUNCT
свет	NOUN	потому́	PROPN
,	PUNCT	что	SCONJ
потому́	PROPN	она́	VERB
что	SCONJ	вдруг	ADV
она́	VERB	поняла́	PROPN
вдруг	ADV	,	PUNCT
поняла́	PROPN	как	ADV
,	PUNCT	мо́жно	PROPN
как	ADV	легко́	PROPN
мо́жно	PROPN	и	CCONJ
легко́	PROPN	про́сто	ADV
и	CCONJ	реши́ть	VERB
про́сто	ADV	все	DET
реши́ть	VERB	э́ти	NOUN
все	DET	пробле́мы	NOUN
э́ти	NOUN	.	PUNCT
пробле́мы	NOUN	"
"	SPACE
.	PUNCT	–	PUNCT
"
"	SPACE	Да	PART
–	PUNCT	иди́те	PROPN
Да	PART	вы	PRON
иди́те	PROPN	все	PRON
вы	PRON	на	ADP
все	PRON	фиг	NOUN
на	ADP	,	PUNCT
фиг	NOUN	–	PUNCT
,	PUNCT	сказа́ла	NOUN
–	PUNCT	де́вочка	NOUN
сказа́ла	NOUN	с	ADP
де́вочка	NOUN	улы́бкой	NOUN
с	ADP	а́нгела	NOUN
улы́бкой	NOUN	и	CCONJ
а́нгела	NOUN	чи́ркнула	VERB
и	CCONJ	чёрной	ADJ
чи́ркнула	VERB	спи́чкой	PROPN
чёрной	ADJ	.	PUNCT
спи́чкой	PROPN	"
"	SPACE
.	PUNCT	И	CCONJ
"
"	SPACE	в	ADP
И	CCONJ	ту	DET
в	ADP	же	PART
ту	DET	секу́нду	NOUN
же	PART	то́лпы	PROPN
секу́нду	NOUN	вокру́г	PUNCT
толпы́	NOUN	неё	PROPN
вокру́г	PUNCT	не	PART
неё	PROPN	ста́ло	PROPN
не	PART	.	PUNCT
ста́ло	PROPN	Городска́я	NUM
.	PUNCT	эли́та	X
Городска́я	NUM	переста́ла	NOUN
эли́та	X	существова́ть	NOUN
переста́ла	NOUN	.	PUNCT
существова́ть	NOUN	Никто́	NOUN
.	PUNCT	из	ADP
Никто́	NOUN	них	PRON
из	ADP	да́же	NUM
них	PRON	ничего́	PROPN
да́же	NUM	не	PART
ничего́	PROPN	успе́л	VERB
не	PART	сказа́ть	NOUN
успе́л	VERB	и́ли	NOUN
сказа́ть	NOUN	кри́кнуть	PROPN
и́ли	NOUN	.	PUNCT
кри́кнуть	PROPN	Глеб	PROPN
.	PUNCT	Косы́х	PUNCT
Глеб	PROPN	с	ADP
Косы́х	PUNCT	сожале́нием	NOUN
с	ADP	успе́л	PUNCT
сожале́нием	NOUN	то́лько	ADV
успе́л	PUNCT	поду́мать	VERB
то́лько	ADV	:	PUNCT
поду́мать	VERB	«	PUNCT
:	PUNCT	Жаль	ADV
«	PUNCT	,	PUNCT
Жаль	ADV	что	SCONJ
,	PUNCT	э́того	SPACE
что	SCONJ	чу́да	NOUN
э́того	SPACE	в	ADP
чу́да	NOUN	мое́й	PROPN
в	ADP	програ́мме	NOUN
мое́й	PROPN	не	PART
програ́мме	NOUN	бу	INTJ
не	PART	...	PUNCT
бу	INTJ	»	PUNCT
...	PUNCT	"

"	SPACE
»	PUNCT	–	PUNCT
"

"	SPACE	Вот	PART
–	PUNCT	и	PART
Вот	PART	хорошо́	PROPN
и	PART	,	PUNCT
хорошо́	PROPN	–	PUNCT
,	PUNCT	сказа́ла	NOUN
–	PUNCT	де́вочка	NOUN
сказа́ла	NOUN	со	ADP
де́вочка	NOUN	спи́чками	PROPN
со	ADP	.	PUNCT
спи́чками	PROPN	Она́	VERB
.	PUNCT	сняла́	PROPN
Она́	VERB	бе́лую	PROPN
сняла́	PROPN	шу́бку	PROPN
бе́лую	PROPN	,	PUNCT
шу́бку	PROPN	под	ADP
,	PUNCT	кото́рой	NOUN
под	ADP	оказа́лись	VERB
кото́рой	NOUN	два	NUM
оказа́лись	VERB	о́чень	NOUN
два	NUM	бе́лых	PROPN
о́чень	NOUN	кры́лышка	PROPN
бе́лых	PROPN	,	PUNCT
кры́лышка	PROPN	на	ADP
,	PUNCT	кото́рых	PROPN
на	ADP	сра́зу	X
кото́рых	PROPN	на́чал	X
сра́зу	X	игра́ть	VERB
на́чал	X	свет	NOUN
игра́ть	VERB	со́лнца	NOUN
свет	NOUN	.	PUNCT
со́лнца	NOUN	Она́	VERB
.	PUNCT	легко́	PROPN
Она́	VERB	подняла́	PROPN
легко́	PROPN	кры́лышки	PROPN
подняла́	PROPN	вверх	ADV
кры́лышки	PROPN	и	CCONJ
вверх	ADV	ста́ла	PART
и	CCONJ	ме́дленно	ADJ
ста́ла	PART	поднима́ться	VERB
ме́дленно	ADJ	всё	PART
поднима́ться	VERB	вы́ше	NUM
всё	PART	и	CCONJ
вы́ше	NUM	вы́ше	NUM
и	CCONJ	над	ADP
вы́ше	NUM	холо́дной	PROPN
над	ADP	у́лицей	NOUN
холо́дной	PROPN	.	PUNCT
у́лицей	NOUN	В	ADP
.	PUNCT	рука́х	PROPN
В	ADP	она́	VERB
рука́х	PROPN	кре́пко	PROPN
она́	VERB	держа́ла	X
кре́пко	PROPN	свою́	PROPN
держа́ла	X	коро́бку	NOUN
свою́	PROPN	со	ADP
коро́бку	NOUN	спи́чками	PROPN
со	ADP	...	PUNCT
спи́чками	PROPN	"
"	SPACE
…	PUNCT	Кто	PRON
"
"	SPACE	-	PRON
Кто́	NOUN	то	PRON
-	NOUN	,	PUNCT
то	NOUN	коне́чно	ADV
,	PUNCT	,	PUNCT
коне́чно	ADV	ска́жет	VERB
,	PUNCT	,	PUNCT
ска́жет	VERB	что	SCONJ
,	PUNCT	коне́ц	PROPN
что	SCONJ	исто́рии	SPACE
коне́ц	PROPN	гру́стный	SPACE
исто́рии	SPACE	,	PUNCT
гру́стный	SPACE	в	ADP
,	PUNCT	нём	NOUN
в	ADP	нет	VERB
нём	NOUN	ра́дости	NOUN
нет	VERB	,	PUNCT
ра́дости	NOUN	потому́	PROPN
,	PUNCT	что	SCONJ
потому́	PROPN	спи́чки	NOUN
что	SCONJ	улете́ли	VERB
спи́чки	NOUN	,	PUNCT
улете́ли	VERB	а	CCONJ
,	PUNCT	пробле́м	NOUN
а	CCONJ	оста́лось	VERB
пробле́м	NOUN	мно́го	NOUN
оста́лось	VERB	.	PUNCT
мно́го	NOUN	Но	CCONJ
.	PUNCT	ведь	PART
Но	CCONJ	Рождество́	PART
ведь	PART	быва́ет	VERB
Рождество́	PART	ка́ждый	ADJ
быва́ет	VERB	год	NOUN
ка́ждый	ADJ	.	PUNCT
год	NOUN	Пра́вда	PUNCT
.	PUNCT	,	PUNCT
Пра́вда	PUNCT	оно́	PROPN
,	PUNCT	быва́ет	VERB
оно́	PROPN	то́лько	PART
быва́ет	VERB	раз	NOUN
то́лько	PART	в	ADP
раз	NOUN	году́	PROPN
в	ADP	,	PUNCT
году́	PROPN	не	PART
,	PUNCT	ча́ще	NOUN
не	PART	и	CCONJ
ча́ще	NOUN	не	PART
и	CCONJ	ре́же	NOUN
не	PART	,	PUNCT
ре́же	NOUN	и	CCONJ
,	PUNCT	де́вочка	NOUN
и	CCONJ	со	ADP
де́вочка	NOUN	спи́чками	PROPN
со	ADP	мо́жет	PROPN
спи́чками	PROPN	встре́титься	VERB
мо́жет	PROPN	вам	PRON
встре́титься	VERB	ещё	ADV
вам	PRON	мно́го	ADJ
ещё	ADV	раз	NOUN
мно́го	ADJ	.	PUNCT
раз	NOUN	На́до	NOUN
.	PUNCT	то́лько	PART
На́до	NOUN	уме́ть	PROPN
то́лько	PART	смотре́ть	ADV
уме́ть	PROPN	по	ADP
смотре́ть	ADV	сторона́м	NOUN
по	ADP	.	PUNCT
сторона́м	NOUN	"
"	SPACE
.	PUNCT		
"
"	SPACE		
